match_id,week,team_id,player_id,map_position,map,map_type,eliminations,deaths,assists,damage,healing,mitigated,playtime,playtime_seconds
260605_O2_ROZE_S1,1,O2,FATE,TANK,Ilios,Control,22,2,5,6120,1714,4420,00:09:39,579
260605_O2_ROZE_S1,1,O2,WUTIAN,DPS,Ilios,Control,23,3,4,10396,60,0,00:09:39,579
260605_O2_ROZE_S1,1,O2,PERR,DPS,Ilios,Control,25,2,0,10213,0,0,00:09:39,579
260605_O2_ROZE_S1,1,O2,FAITH,SPT,Ilios,Control,12,4,18,3677,6457,3491,00:09:39,579
260605_O2_ROZE_S1,1,O2,MISIN,SPT,Ilios,Control,12,17,5,3185,6147,469,00:09:39,579
260605_O2_ROZE_S1,1,ROZE,VOID,TANK,Ilios,Control,8,8,5,6686,686,3654,00:09:39,579
260605_O2_ROZE_S1,1,ROZE,BECKY,DPS,Ilios,Control,10,6,1,6624,220,933,00:09:39,579
260605_O2_ROZE_S1,1,ROZE,KILO,DPS,Ilios,Control,10,9,0,9396,244,142,00:09:39,579
260605_O2_ROZE_S1,1,ROZE,OPENER,SPT,Ilios,Control,5,6,11,2641,6350,600,00:09:39,579
260605_O2_ROZE_S1,1,ROZE,IRONY,SPT,Ilios,Control,4,7,13,3521,9034,0,00:09:39,579
260605_O2_ROZE_S2,1,O2,SEUNGAN,TANK,Suravasa,Flashpoint,20,5,2,15181,0,31167,00:15:00,900
260605_O2_ROZE_S2,1,O2,WUTIAN,DPS,Suravasa,Flashpoint,17,7,0,10272,165,0,00:15:00,900
260605_O2_ROZE_S2,1,O2,PERR,DPS,Suravasa,Flashpoint,23,9,0,10353,0,0,00:15:00,900
260605_O2_ROZE_S2,1,O2,FAITH,SPT,Suravasa,Flashpoint,17,5,18,5340,10974,2289,00:15:00,900
260605_O2_ROZE_S2,1,O2,MISIN,SPT,Suravasa,Flashpoint,13,3,23,5135,16124,0,00:15:00,900
260605_O2_ROZE_S2,1,ROZE,VOID,TANK,Suravasa,Flashpoint,19,7,1,11586,69,25042,00:15:00,900
260605_O2_ROZE_S2,1,ROZE,BECKY,DPS,Suravasa,Flashpoint,11,12,2,8055,1040,4453,00:15:00,900
260605_O2_ROZE_S2,1,ROZE,KILO,DPS,Suravasa,Flashpoint,20,4,0,14107,0,0,00:15:00,900
260605_O2_ROZE_S2,1,ROZE,OPENER,SPT,Suravasa,Flashpoint,9,8,16,5763,12323,2339,00:15:00,900
260605_O2_ROZE_S2,1,ROZE,IRONY,SPT,Suravasa,Flashpoint,14,4,18,4507,16727,0,00:15:00,900
260605_O2_ROZE_S3,1,O2,SEUNGAN,TANK,Runasapi,Push,18,4,6,11241,485,14366,00:10:40,640
260605_O2_ROZE_S3,1,O2,WUTIAN,DPS,Runasapi,Push,20,4,0,7299,36,141,00:10:40,640
260605_O2_ROZE_S3,1,O2,PERR,DPS,Runasapi,Push,21,4,3,13703,19,749,00:10:40,640
260605_O2_ROZE_S3,1,O2,FAITH,SPT,Runasapi,Push,9,16,3,1606,7562,0,00:10:40,640
260605_O2_ROZE_S3,1,O2,MISIN,SPT,Runasapi,Push,14,13,6,4690,8770,0,00:10:40,640
260605_O2_ROZE_S3,1,ROZE,VOID,TANK,Runasapi,Push,13,6,4,7427,1151,13703,00:10:40,640
260605_O2_ROZE_S3,1,ROZE,BECKY,DPS,Runasapi,Push,12,9,1,6634,149,3298,00:10:40,640
260605_O2_ROZE_S3,1,ROZE,KILO,DPS,Runasapi,Push,11,7,1,10275,0,749,00:10:40,640
260605_O2_ROZE_S3,1,ROZE,OPENER,SPT,Runasapi,Push,5,5,14,2937,9505,865,00:10:40,640
260605_O2_ROZE_S3,1,ROZE,IRONY,SPT,Runasapi,Push,8,5,14,4617,11864,0,00:10:40,640
260605_FLC_CR_S1,1,FLC,SOMEONE,TANK,Antarctic Peninsula,Control,5,6,2,8413,275,13583,00:07:30,450
260605_FLC_CR_S1,1,FLC,CHECKMATE,DPS,Antarctic Peninsula,Control,6,8,3,5914,477,3542,00:07:30,450
260605_FLC_CR_S1,1,FLC,MER1T,DPS,Antarctic Peninsula,Control,6,8,0,8526,0,781,00:07:30,450
260605_FLC_CR_S1,1,FLC,CHIYO,SPT,Antarctic Peninsula,Control,5,5,6,2194,10954,1094,00:07:30,450
260605_FLC_CR_S1,1,FLC,FIELDER,SPT,Antarctic Peninsula,Control,5,6,6,3912,10217,1755,00:07:30,450
260605_FLC_CR_S1,1,CR,MAX,TANK,Antarctic Peninsula,Control,21,1,7,12538,0,14389,00:07:30,450
260605_FLC_CR_S1,1,CR,HEESANG,DPS,Antarctic Peninsula,Control,21,4,7,7494,648,3193,00:07:30,450
260605_FLC_CR_S1,1,CR,STALK3R,DPS,Antarctic Peninsula,Control,22,2,5,10387,169,633,00:07:30,450
260605_FLC_CR_S1,1,CR,CH0R0NG,SPT,Antarctic Peninsula,Control,16,3,19,4864,9528,1993,00:07:30,450
260605_FLC_CR_S1,1,CR,VIGILANTE,SPT,Antarctic Peninsula,Control,11,1,21,2405,11566,0,00:07:30,450
260605_FLC_CR_S2,1,CR,CH0R0NG,SPT,King's Row,Hybrid,18,7,23,7320,15474,4794,00:14:05,845
260605_FLC_CR_S2,1,CR,HEESANG,DPS,King's Row,Hybrid,22,6,5,13037,1475,9201,00:14:05,845
260605_FLC_CR_S2,1,CR,MAX,TANK,King's Row,Hybrid,25,6,3,18391,0,29417,00:14:05,845
260605_FLC_CR_S2,1,CR,STALK3R,DPS,King's Row,Hybrid,29,8,3,15071,569,4418,00:14:05,845
260605_FLC_CR_S2,1,CR,VIGILANTE,SPT,King's Row,Hybrid,15,6,30,4431,20436,0,00:14:05,845
260605_FLC_CR_S2,1,FLC,CHECKMATE,DPS,King's Row,Hybrid,24,9,8,11579,1791,9785,00:14:05,845
260605_FLC_CR_S2,1,FLC,CHIYO,SPT,King's Row,Hybrid,13,7,19,6242,17368,788,00:14:05,845
260605_FLC_CR_S2,1,FLC,FIELDER,SPT,King's Row,Hybrid,13,8,24,6799,18411,0,00:14:05,845
260605_FLC_CR_S2,1,FLC,MER1T,DPS,King's Row,Hybrid,24,9,3,16790,541,845,00:14:05,845
260605_FLC_CR_S2,1,FLC,SOMEONE,TANK,King's Row,Hybrid,25,6,2,14465,0,25427,00:14:05,845
260605_FLC_CR_S3,1,FLC,CHIYO,SPT,New Queen Street,Push,14,7,16,2839,13187,0,00:10:19,619
260605_FLC_CR_S3,1,FLC,FIELDER,SPT,New Queen Street,Push,16,6,24,5459,11660,2865,00:10:19,619
260605_FLC_CR_S3,1,FLC,HANBIN,TANK,New Queen Street,Push,21,8,11,12501,2883,8303,00:10:19,619
260605_FLC_CR_S3,1,FLC,MER1T,DPS,New Queen Street,Push,21,8,0,9888,0,0,00:10:19,619
260605_FLC_CR_S3,1,FLC,SP1NT,DPS,New Queen Street,Push,19,8,0,10052,804,0,00:10:19,619
260605_FLC_CR_S3,1,CR,CH0R0NG,SPT,New Queen Street,Push,21,8,25,6207,7490,1950,00:10:19,619
260605_FLC_CR_S3,1,CR,HEESANG,DPS,New Queen Street,Push,28,4,0,12881,65,962,00:10:19,619
260605_FLC_CR_S3,1,CR,JUNBIN,TANK,New Queen Street,Push,33,7,14,12247,1966,9480,00:10:19,619
260605_FLC_CR_S3,1,CR,LIP,DPS,New Queen Street,Push,21,8,0,12155,0,0,00:10:19,619
260605_FLC_CR_S3,1,CR,VIGILANTE,SPT,New Queen Street,Push,14,5,24,5185,11225,0,00:10:19,619
260605_T1_ZETA_S1,1,T1,BLISS,SPT,Antarctic Peninsula,Control,12,6,22,2516,6153,1301,00:08:25,505
260605_T1_ZETA_S1,1,T1,DONGHAK,TANK,Antarctic Peninsula,Control,35,2,19,9347,2022,3845,00:08:25,505
260605_T1_ZETA_S1,1,T1,PROUD,DPS,Antarctic Peninsula,Control,29,3,0,10756,0,0,00:08:25,505
260605_T1_ZETA_S1,1,T1,SKEWED,SPT,Antarctic Peninsula,Control,16,4,29,4050,9014,0,00:08:25,505
260605_T1_ZETA_S1,1,T1,ZEST,DPS,Antarctic Peninsula,Control,25,5,8,8205,221,545,00:08:25,505
260605_T1_ZETA_S1,1,ZETA,BERNAR,TANK,Antarctic Peninsula,Control,11,8,4,7553,1130,8335,00:08:25,505
260605_T1_ZETA_S1,1,ZETA,KNIFE,DPS,Antarctic Peninsula,Control,12,10,6,6828,347,4652,00:08:25,505
260605_T1_ZETA_S1,1,ZETA,PROPER,DPS,Antarctic Peninsula,Control,8,8,1,5807,0,229,00:08:25,505
260605_T1_ZETA_S1,1,ZETA,SHU,SPT,Antarctic Peninsula,Control,9,9,9,4281,6485,2599,00:08:25,505
260605_T1_ZETA_S1,1,ZETA,VIOL2T,SPT,Antarctic Peninsula,Control,8,8,12,3049,9079,0,00:08:25,505
260605_T1_ZETA_S2,1,T1,BLISS,SPT,Rialto,Escort,28,8,31,4017,12849,0,00:15:22,922
260605_T1_ZETA_S2,1,T1,DONGHAK,TANK,Rialto,Escort,35,12,31,17150,5356,9187,00:15:22,922
260605_T1_ZETA_S2,1,T1,PROUD,DPS,Rialto,Escort,30,16,3,22492,429,2602,00:15:22,922
260605_T1_ZETA_S2,1,T1,SKEWED,SPT,Rialto,Escort,21,12,38,8294,14597,762,00:15:22,922
260605_T1_ZETA_S2,1,T1,ZEST,DPS,Rialto,Escort,36,11,1,15534,1891,90,00:15:22,922
260605_T1_ZETA_S2,1,ZETA,BERNAR,TANK,Rialto,Escort,41,13,26,18543,3946,14177,00:15:22,922
260605_T1_ZETA_S2,1,ZETA,KNIFE,DPS,Rialto,Escort,33,12,6,21026,612,2040,00:15:22,922
260605_T1_ZETA_S2,1,ZETA,PROPER,DPS,Rialto,Escort,39,7,3,17513,1072,0,00:15:22,922
260605_T1_ZETA_S2,1,ZETA,SHU,SPT,Rialto,Escort,23,10,42,6676,15047,3844,00:15:22,922
260605_T1_ZETA_S2,1,ZETA,VIOL2T,SPT,Rialto,Escort,32,11,30,5500,14314,0,00:15:22,922
260605_T1_ZETA_S3,1,T1,BLISS,SPT,New Junk City,Flashpoint,14,1,24,2636,5478,858,00:07:39,459
260605_T1_ZETA_S3,1,T1,DONGHAK,TANK,New Junk City,Flashpoint,23,2,8,6484,1157,3075,00:07:39,459
260605_T1_ZETA_S3,1,T1,PROUD,DPS,New Junk City,Flashpoint,25,2,0,8158,0,0,00:07:39,459
260605_T1_ZETA_S3,1,T1,SKEWED,SPT,New Junk City,Flashpoint,15,3,23,4848,6569,0,00:07:39,459
260605_T1_ZETA_S3,1,T1,ZEST,DPS,New Junk City,Flashpoint,21,2,4,4557,116,210,00:07:39,459
260605_T1_ZETA_S3,1,ZETA,KNIFE,DPS,New Junk City,Flashpoint,8,8,0,3813,134,21,00:07:39,459
260605_T1_ZETA_S3,1,ZETA,MEALGARU,TANK,New Junk City,Flashpoint,7,6,2,5571,1550,3123,00:07:39,459
260605_T1_ZETA_S3,1,ZETA,PROPER,DPS,New Junk City,Flashpoint,6,7,0,4666,65,212,00:07:39,459
260605_T1_ZETA_S3,1,ZETA,SHU,SPT,New Junk City,Flashpoint,2,8,2,2340,4158,190,00:07:39,459
260605_T1_ZETA_S3,1,ZETA,VIOL2T,SPT,New Junk City,Flashpoint,4,8,8,3229,5116,0,00:07:39,459
260605_T1_ZETA_S4,1,T1,BLISS,SPT,King's Row,Hybrid,21,8,25,9104,10893,913,00:16:20,980
260605_T1_ZETA_S4,1,T1,DONGHAK,TANK,King's Row,Hybrid,28,11,17,12646,1137,14841,00:16:20,980
260605_T1_ZETA_S4,1,T1,PROUD,DPS,King's Row,Hybrid,32,11,1,17143,0,17,00:16:20,980
260605_T1_ZETA_S4,1,T1,SKEWED,SPT,King's Row,Hybrid,30,11,27,6516,13794,911,00:16:20,980
260605_T1_ZETA_S4,1,T1,ZEST,DPS,King's Row,Hybrid,31,9,10,11204,718,2901,00:16:20,980
260605_T1_ZETA_S4,1,ZETA,BERNAR,TANK,King's Row,Hybrid,30,10,4,13836,846,24047,00:16:20,980
260605_T1_ZETA_S4,1,ZETA,KNIFE,DPS,King's Row,Hybrid,22,13,4,11970,118,2106,00:16:20,980
260605_T1_ZETA_S4,1,ZETA,PROPER,DPS,King's Row,Hybrid,33,8,3,13714,1434,3147,00:16:20,980
260605_T1_ZETA_S4,1,ZETA,SHU,SPT,King's Row,Hybrid,16,10,23,6569,12878,1194,00:16:20,980
260605_T1_ZETA_S4,1,ZETA,VIOL2T,SPT,King's Row,Hybrid,22,13,21,5497,14306,379,00:16:20,980
260605_T1_ZETA_S5,1,T1,BLISS,SPT,Runasapi,Push,27,7,26,5268,7595,1132,00:10:34,634
260605_T1_ZETA_S5,1,T1,DONGHAK,TANK,Runasapi,Push,30,8,15,11826,2236,6408,00:10:34,634
260605_T1_ZETA_S5,1,T1,PROUD,DPS,Runasapi,Push,35,7,0,12456,0,0,00:10:34,634
260605_T1_ZETA_S5,1,T1,SKEWED,SPT,Runasapi,Push,21,7,30,5708,11520,0,00:10:34,634
260605_T1_ZETA_S5,1,T1,ZEST,DPS,Runasapi,Push,21,10,2,8626,847,442,00:10:34,634
260605_T1_ZETA_S5,1,ZETA,BERNAR,TANK,Runasapi,Push,31,9,18,12989,2277,6576,00:10:34,634
260605_T1_ZETA_S5,1,ZETA,KNIFE,DPS,Runasapi,Push,20,10,3,9300,0,344,00:10:34,634
260605_T1_ZETA_S5,1,ZETA,PROPER,DPS,Runasapi,Push,30,8,0,9219,838,0,00:10:34,634
260605_T1_ZETA_S5,1,ZETA,SHU,SPT,Runasapi,Push,12,9,31,4228,11156,0,00:10:34,634
260605_T1_ZETA_S5,1,ZETA,VIOL2T,SPT,Runasapi,Push,18,10,24,4851,5698,1677,00:10:34,634
260606_PF_CB_S1,1,PF,CARU,SPT,Antarctic Peninsula,Control,2,6,9,1020,12284,0,00:08:22,502
260606_PF_CB_S1,1,PF,D0D0,DPS,Antarctic Peninsula,Control,7,3,2,6252,648,4210,00:08:22,502
260606_PF_CB_S1,1,PF,FEARFUL,TANK,Antarctic Peninsula,Control,8,6,1,7391,166,14584,00:08:22,502
260606_PF_CB_S1,1,PF,K4NE,DPS,Antarctic Peninsula,Control,7,5,0,7456,0,0,00:08:22,502
260606_PF_CB_S1,1,PF,SP1NEL,SPT,Antarctic Peninsula,Control,5,2,6,2347,4796,1535,00:08:22,502
260606_PF_CB_S1,1,CB,ARGON,DPS,Antarctic Peninsula,Control,12,3,4,6784,533,2598,00:08:22,502
260606_PF_CB_S1,1,CB,GUR3UM,TANK,Antarctic Peninsula,Control,12,1,1,9335,0,11133,00:08:22,502
260606_PF_CB_S1,1,CB,M1NUT2,DPS,Antarctic Peninsula,Control,16,4,0,7521,0,0,00:08:22,502
260606_PF_CB_S1,1,CB,TENTEN,SPT,Antarctic Peninsula,Control,10,3,16,4880,8466,1748,00:08:22,502
260606_PF_CB_S1,1,CB,WOOCHAN,SPT,Antarctic Peninsula,Control,11,1,13,4199,8563,0,00:08:22,502
260606_PF_CB_S2,1,PF,CARU,SPT,Suravasa,Flashpoint,6,4,19,3486,20017,0,00:13:08,788
260606_PF_CB_S2,1,PF,D0D0,DPS,Suravasa,Flashpoint,14,8,3,10112,755,11016,00:13:08,788
260606_PF_CB_S2,1,PF,FEARFUL,TANK,Suravasa,Flashpoint,18,7,9,10322,275,28944,00:13:08,788
260606_PF_CB_S2,1,PF,K4NE,DPS,Suravasa,Flashpoint,23,2,0,17879,0,0,00:13:08,788
260606_PF_CB_S2,1,PF,SP1NEL,SPT,Suravasa,Flashpoint,15,5,17,5998,9253,3170,00:13:08,788
260606_PF_CB_S2,1,CB,ARGON,DPS,Suravasa,Flashpoint,18,5,6,10406,586,4696,00:13:08,788
260606_PF_CB_S2,1,CB,FARMER,TANK,Suravasa,Flashpoint,19,6,12,11779,1844,7276,00:13:08,788
260606_PF_CB_S2,1,CB,M1NUT2,DPS,Suravasa,Flashpoint,21,7,1,12450,1,839,00:13:08,788
260606_PF_CB_S2,1,CB,TENTEN,SPT,Suravasa,Flashpoint,11,6,16,5839,13155,3021,00:13:08,788
260606_PF_CB_S2,1,CB,WOOCHAN,SPT,Suravasa,Flashpoint,11,3,21,6503,16497,0,00:13:08,788
260606_PF_CB_S3,1,PF,CARU,SPT,Runasapi,Push,1,4,0,1630,4908,0,00:03:31,211
260606_PF_CB_S3,1,PF,D0D0,DPS,Runasapi,Push,1,4,0,3294,468,0,00:03:31,211
260606_PF_CB_S3,1,PF,FEARFUL,TANK,Runasapi,Push,1,4,1,3638,1114,2240,00:03:31,211
260606_PF_CB_S3,1,PF,K4NE,DPS,Runasapi,Push,0,4,0,3830,0,559,00:03:31,211
260606_PF_CB_S3,1,PF,SP1NEL,SPT,Runasapi,Push,1,3,1,736,2069,0,00:03:31,211
260606_PF_CB_S3,1,CB,ARGON,DPS,Runasapi,Push,13,0,0,4188,793,0,00:03:31,211
260606_PF_CB_S3,1,CB,GUR3UM,TANK,Runasapi,Push,13,0,12,5253,1057,1981,00:03:31,211
260606_PF_CB_S3,1,CB,M1NUT2,DPS,Runasapi,Push,10,1,2,4785,0,732,00:03:31,211
260606_PF_CB_S3,1,CB,TENTEN,SPT,Runasapi,Push,14,0,11,989,3230,0,00:03:31,211
260606_PF_CB_S3,1,CB,WOOCHAN,SPT,Runasapi,Push,7,0,16,1991,5159,0,00:03:31,211
260606_T1_SB_S1,1,T1,BLISS,SPT,Ilios,Control,11,2,13,2259,5162,0,00:09:50,590
260606_T1_SB_S1,1,T1,DONGHAK,TANK,Ilios,Control,20,2,3,7695,1948,5704,00:09:50,590
260606_T1_SB_S1,1,T1,PROUD,DPS,Ilios,Control,15,5,3,6720,53,0,00:09:50,590
260606_T1_SB_S1,1,T1,SKEWED,SPT,Ilios,Control,10,5,8,6848,2776,142,00:09:50,590
260606_T1_SB_S1,1,T1,ZEST,DPS,Ilios,Control,18,4,0,9353,144,0,00:09:50,590
260606_T1_SB_S1,1,SB,AZENT,DPS,Ilios,Control,12,4,0,7697,167,0,00:09:50,590
260606_T1_SB_S1,1,SB,SENTIER,TANK,Ilios,Control,11,4,2,7860,2054,3714,00:09:50,590
260606_T1_SB_S1,1,SB,SOAE,SPT,Ilios,Control,4,7,5,2144,4216,0,00:09:50,590
260606_T1_SB_S1,1,SB,SORI,DPS,Ilios,Control,7,10,0,5510,415,53,00:09:50,590
260606_T1_SB_S1,1,SB,UNIV2R,SPT,Ilios,Control,4,8,3,4412,5058,0,00:09:50,590
260606_T1_SB_S2,1,SB,DUMBBELL,SPT,Numbani,Hybrid,5,8,2,2877,5323,675,00:10:22,622
260606_T1_SB_S2,1,SB,HOMERUNBALL,TANK,Numbani,Hybrid,10,8,2,9421,284,17666,00:10:22,622
260606_T1_SB_S2,1,SB,SOAE,SPT,Numbani,Hybrid,6,9,2,4905,580,5457,00:10:22,622
260606_T1_SB_S2,1,SB,SORI,DPS,Numbani,Hybrid,9,11,3,7087,38,711,00:10:22,622
260606_T1_SB_S2,1,SB,UNIV2R,SPT,Numbani,Hybrid,2,11,9,2891,11983,0,00:10:22,622
260606_T1_SB_S2,1,T1,BLISS,SPT,Numbani,Hybrid,19,2,30,3621,8861,1945,00:10:22,622
260606_T1_SB_S2,1,T1,JASM1NE,TANK,Numbani,Hybrid,28,1,10,11493,0,11511,00:10:22,622
260606_T1_SB_S2,1,T1,PROUD,DPS,Numbani,Hybrid,34,3,0,11482,0,0,00:10:22,622
260606_T1_SB_S2,1,T1,SKEWED,SPT,Numbani,Hybrid,24,2,23,5228,10623,0,00:10:22,622
260606_T1_SB_S2,1,T1,ZEST,DPS,Numbani,Hybrid,25,5,10,7351,0,79,00:10:22,622
260606_T1_SB_S3,1,T1,FLETA,SPT,New Junk City,Flashpoint,11,3,22,1471,5991,0,00:06:38,398
260606_T1_SB_S3,1,T1,JASM1NE,TANK,New Junk City,Flashpoint,16,2,9,6143,0,5414,00:06:38,398
260606_T1_SB_S3,1,T1,PROUD,DPS,New Junk City,Flashpoint,20,3,0,7283,0,0,00:06:38,398
260606_T1_SB_S3,1,T1,SKEWED,SPT,New Junk City,Flashpoint,18,2,15,2529,4822,827,00:06:38,398
260606_T1_SB_S3,1,T1,ZEST,DPS,New Junk City,Flashpoint,20,2,1,5277,48,254,00:06:38,398
260606_T1_SB_S3,1,SB,AZENT,DPS,New Junk City,Flashpoint,9,6,1,4005,0,495,00:06:38,398
260606_T1_SB_S3,1,SB,DUMBBELL,SPT,New Junk City,Flashpoint,5,5,5,1528,3275,928,00:06:38,398
260606_T1_SB_S3,1,SB,HOMERUNBALL,TANK,New Junk City,Flashpoint,9,7,5,4991,0,5573,00:06:38,398
260606_T1_SB_S3,1,SB,SORI,DPS,New Junk City,Flashpoint,7,6,0,3790,0,0,00:06:38,398
260606_T1_SB_S3,1,SB,UNIV2R,SPT,New Junk City,Flashpoint,5,6,9,2106,7631,0,00:06:38,398
260606_ROZE_FLC_S1,1,ROZE,BECKY,DPS,Oasis,Control,5,9,0,7545,339,6221,00:09:27,567
260606_ROZE_FLC_S1,1,ROZE,IRONY,SPT,Oasis,Control,7,6,8,4457,11394,0,00:09:27,567
260606_ROZE_FLC_S1,1,ROZE,KILO,DPS,Oasis,Control,10,8,2,11039,0,997,00:09:27,567
260606_ROZE_FLC_S1,1,ROZE,OPENER,SPT,Oasis,Control,9,6,6,4493,10255,1455,00:09:27,567
260606_ROZE_FLC_S1,1,ROZE,VOID,TANK,Oasis,Control,11,5,5,6963,1402,16163,00:09:27,567
260606_ROZE_FLC_S1,1,FLC,CHIYO,SPT,Oasis,Control,22,3,12,3595,8752,0,00:09:27,567
260606_ROZE_FLC_S1,1,FLC,FIELDER,SPT,Oasis,Control,12,5,17,6025,10552,0,00:09:27,567
260606_ROZE_FLC_S1,1,FLC,HANBIN,TANK,Oasis,Control,30,3,21,7572,2959,20344,00:09:27,567
260606_ROZE_FLC_S1,1,FLC,MER1T,DPS,Oasis,Control,20,5,0,14919,247,1230,00:09:27,567
260606_ROZE_FLC_S1,1,FLC,SP1NT,DPS,Oasis,Control,25,4,0,7587,62,0,00:09:27,567
260606_ROZE_FLC_S2,1,ROZE,BECKY,DPS,Suravasa,Flashpoint,25,7,1,10743,1727,0,00:10:14,614
260606_ROZE_FLC_S2,1,ROZE,IRONY,SPT,Suravasa,Flashpoint,19,8,21,6228,12699,0,00:10:14,614
260606_ROZE_FLC_S2,1,ROZE,KILO,DPS,Suravasa,Flashpoint,18,11,0,10055,0,0,00:10:14,614
260606_ROZE_FLC_S2,1,ROZE,OPENER,SPT,Suravasa,Flashpoint,20,7,22,4767,9125,2905,00:10:14,614
260606_ROZE_FLC_S2,1,ROZE,VOID,TANK,Suravasa,Flashpoint,22,8,15,10204,3136,6861,00:10:14,614
260606_ROZE_FLC_S2,1,FLC,CHIYO,SPT,Suravasa,Flashpoint,28,6,27,4643,9155,0,00:10:14,614
260606_ROZE_FLC_S2,1,FLC,FIELDER,SPT,Suravasa,Flashpoint,19,8,28,5372,7412,2924,00:10:14,614
260606_ROZE_FLC_S2,1,FLC,HANBIN,TANK,Suravasa,Flashpoint,28,6,18,12919,3612,8905,00:10:14,614
260606_ROZE_FLC_S2,1,FLC,MER1T,DPS,Suravasa,Flashpoint,27,7,0,13965,0,0,00:10:14,614
260606_ROZE_FLC_S2,1,FLC,SP1NT,DPS,Suravasa,Flashpoint,26,8,0,11931,1649,0,00:10:14,614
260606_ROZE_FLC_S3,1,FLC,CHECKMATE,DPS,Runasapi,Push,18,5,4,8792,1168,5411,00:10:23,623
260606_ROZE_FLC_S3,1,FLC,CHIYO,SPT,Runasapi,Push,23,6,24,4940,7881,1987,00:10:23,623
260606_ROZE_FLC_S3,1,FLC,FIELDER,SPT,Runasapi,Push,17,6,33,4097,14796,0,00:10:23,623
260606_ROZE_FLC_S3,1,FLC,MER1T,DPS,Runasapi,Push,27,6,1,11304,0,256,00:10:23,623
260606_ROZE_FLC_S3,1,FLC,SOMEONE,TANK,Runasapi,Push,35,4,5,15211,275,18968,00:10:23,623
260606_ROZE_FLC_S3,1,ROZE,BECKY,DPS,Runasapi,Push,18,9,4,9317,1152,7544,00:10:23,623
260606_ROZE_FLC_S3,1,ROZE,IRONY,SPT,Runasapi,Push,9,9,21,5210,12473,0,00:10:23,623
260606_ROZE_FLC_S3,1,ROZE,KILO,DPS,Runasapi,Push,17,9,1,11815,0,593,00:10:23,623
260606_ROZE_FLC_S3,1,ROZE,OPENER,SPT,Runasapi,Push,9,9,16,4278,9391,3125,00:10:23,623
260606_ROZE_FLC_S3,1,ROZE,VOID,TANK,Runasapi,Push,19,8,5,9900,517,19646,00:10:23,623
260607_SB_O2_S1,1,SB,AZENT,DPS,Oasis,Control,30,7,0,15314,2185,0,00:13:51,831
260607_SB_O2_S1,1,SB,SENTIER,TANK,Oasis,Control,28,7,24,20347,5077,7530,00:13:51,831
260607_SB_O2_S1,1,SB,SOAE,SPT,Oasis,Control,14,5,26,2167,9416,0,00:13:51,831
260607_SB_O2_S1,1,SB,SORI,DPS,Oasis,Control,25,9,2,17069,354,2435,00:13:51,831
260607_SB_O2_S1,1,SB,UNIV2R,SPT,Oasis,Control,25,6,25,6593,19597,0,00:13:51,831
260607_SB_O2_S1,1,O2,FAITH,SPT,Oasis,Control,15,4,21,3218,10102,0,00:13:51,831
260607_SB_O2_S1,1,O2,FATE,TANK,Oasis,Control,23,10,16,17882,4039,9939,00:13:51,831
260607_SB_O2_S1,1,O2,MISIN,SPT,Oasis,Control,18,5,25,6524,18182,0,00:13:51,831
260607_SB_O2_S1,1,O2,PERR,DPS,Oasis,Control,25,8,4,17270,836,2041,00:13:51,831
260607_SB_O2_S1,1,O2,WUTIAN,DPS,Oasis,Control,29,8,0,16810,2477,0,00:13:51,831
260607_SB_O2_S2,1,SB,AZENT,DPS,Rialto,Escort,14,8,1,8171,76,1243,00:13:17,797
260607_SB_O2_S2,1,SB,DUMBBELL,SPT,Rialto,Escort,4,9,13,3865,10744,2949,00:13:17,797
260607_SB_O2_S2,1,SB,HOMERUNBALL,TANK,Rialto,Escort,12,8,4,11613,1508,18682,00:13:17,797
260607_SB_O2_S2,1,SB,SORI,DPS,Rialto,Escort,11,10,1,12365,185,458,00:13:17,797
260607_SB_O2_S2,1,SB,UNIV2R,SPT,Rialto,Escort,6,7,13,4468,14632,0,00:13:17,797
260607_SB_O2_S2,1,O2,FAITH,SPT,Rialto,Escort,21,1,23,2969,9352,0,00:13:17,797
260607_SB_O2_S2,1,O2,MISIN,SPT,Rialto,Escort,17,7,23,6840,12540,0,00:13:17,797
260607_SB_O2_S2,1,O2,PERR,DPS,Rialto,Escort,25,4,4,14489,0,919,00:13:17,797
260607_SB_O2_S2,1,O2,SEUNGAN,TANK,Rialto,Escort,24,5,13,11176,1079,17345,00:13:17,797
260607_SB_O2_S2,1,O2,WUTIAN,DPS,Rialto,Escort,23,5,1,10823,62,117,00:13:17,797
260607_SB_O2_S3,1,O2,FAITH,SPT,Hollywood,Hybrid,12,1,18,4147,6439,0,00:09:28,568
260607_SB_O2_S3,1,O2,MISIN,SPT,Hollywood,Hybrid,9,2,14,3298,6410,0,00:09:28,568
260607_SB_O2_S3,1,O2,PERR,DPS,Hollywood,Hybrid,21,2,0,7415,0,174,00:09:28,568
260607_SB_O2_S3,1,O2,SEUNGAN,TANK,Hollywood,Hybrid,22,1,4,11077,0,14431,00:09:28,568
260607_SB_O2_S3,1,O2,WUTIAN,DPS,Hollywood,Hybrid,20,4,6,10474,0,88,00:09:28,568
260607_SB_O2_S3,1,SB,AZENT,DPS,Hollywood,Hybrid,4,8,2,2954,35,1300,00:09:28,568
260607_SB_O2_S3,1,SB,SENTIER,TANK,Hollywood,Hybrid,8,6,0,5533,0,15947,00:09:28,568
260607_SB_O2_S3,1,SB,SOAE,SPT,Hollywood,Hybrid,3,8,6,2072,7759,477,00:09:28,568
260607_SB_O2_S3,1,SB,SORI,DPS,Hollywood,Hybrid,7,6,0,5147,35,285,00:09:28,568
260607_SB_O2_S3,1,SB,UNIV2R,SPT,Hollywood,Hybrid,4,5,8,2265,13250,0,00:09:28,568
260607_ZETA_CB_S1,1,ZETA,BERNAR,TANK,Oasis,Control,18,1,3,7812,0,12825,00:07:04,424
260607_ZETA_CB_S1,1,ZETA,KNIFE,DPS,Oasis,Control,20,1,1,8954,87,703,00:07:04,424
260607_ZETA_CB_S1,1,ZETA,PROPER,DPS,Oasis,Control,11,2,5,7370,0,0,00:07:04,424
260607_ZETA_CB_S1,1,ZETA,SHU,SPT,Oasis,Control,15,3,9,4170,5698,480,00:07:04,424
260607_ZETA_CB_S1,1,ZETA,VIOL2T,SPT,Oasis,Control,12,1,17,4106,8994,0,00:07:04,424
260607_ZETA_CB_S1,1,CB,ARGON,DPS,Oasis,Control,5,5,1,4119,61,2958,00:07:04,424
260607_ZETA_CB_S1,1,CB,GUR3UM,TANK,Oasis,Control,5,6,3,6304,0,19353,00:07:04,424
260607_ZETA_CB_S1,1,CB,M1NUT2,DPS,Oasis,Control,4,5,0,4849,0,147,00:07:04,424
260607_ZETA_CB_S1,1,CB,TENTEN,SPT,Oasis,Control,3,6,4,3107,8024,1376,00:07:04,424
260607_ZETA_CB_S1,1,CB,WOOCHAN,SPT,Oasis,Control,3,5,4,2033,9688,0,00:07:04,424
260607_ZETA_CB_S2,1,ZETA,BERNAR,TANK,Runasapi,Push,16,5,12,8242,1605,16267,00:09:54,594
260607_ZETA_CB_S2,1,ZETA,KNIFE,DPS,Runasapi,Push,16,6,0,13932,305,1628,00:09:54,594
260607_ZETA_CB_S2,1,ZETA,PROPER,DPS,Runasapi,Push,24,5,0,12695,1734,0,00:09:54,594
260607_ZETA_CB_S2,1,ZETA,SHU,SPT,Runasapi,Push,14,5,22,5772,12321,0,00:09:54,594
260607_ZETA_CB_S2,1,ZETA,VIOL2T,SPT,Runasapi,Push,16,4,16,2477,8426,0,00:09:54,594
260607_ZETA_CB_S2,1,CB,ARGON,DPS,Runasapi,Push,18,4,0,10060,1880,0,00:09:54,594
260607_ZETA_CB_S2,1,CB,GUR3UM,TANK,Runasapi,Push,13,8,6,7013,2104,16054,00:09:54,594
260607_ZETA_CB_S2,1,CB,M1NUT2,DPS,Runasapi,Push,14,7,2,13851,596,2319,00:09:54,594
260607_ZETA_CB_S2,1,CB,TENTEN,SPT,Runasapi,Push,10,7,12,2868,9511,0,00:09:54,594
260607_ZETA_CB_S2,1,CB,WOOCHAN,SPT,Runasapi,Push,7,6,16,4473,12811,0,00:09:54,594
260607_ZETA_CB_S3,1,ZETA,KNIFE,DPS,Dorado,Escort,16,9,1,13519,0,2406,00:10:57,657
260607_ZETA_CB_S3,1,ZETA,MEALGARU,TANK,Dorado,Escort,20,2,3,8308,1454,3373,00:10:57,657
260607_ZETA_CB_S3,1,ZETA,PROPER,DPS,Dorado,Escort,23,2,0,11664,119,0,00:10:57,657
260607_ZETA_CB_S3,1,ZETA,SHU,SPT,Dorado,Escort,10,5,12,6418,7407,1442,00:10:57,657
260607_ZETA_CB_S3,1,ZETA,VIOL2T,SPT,Dorado,Escort,14,3,15,2611,11316,0,00:10:57,657
260607_ZETA_CB_S3,1,CB,ARGON,DPS,Dorado,Escort,9,6,0,10271,1155,0,00:10:57,657
260607_ZETA_CB_S3,1,CB,FARMER,TANK,Dorado,Escort,11,6,5,7840,1258,4245,00:10:57,657
260607_ZETA_CB_S3,1,CB,M1NUT2,DPS,Dorado,Escort,11,8,1,14719,365,1665,00:10:57,657
260607_ZETA_CB_S3,1,CB,TENTEN,SPT,Dorado,Escort,10,3,10,1636,11212,0,00:10:57,657
260607_ZETA_CB_S3,1,CB,WOOCHAN,SPT,Dorado,Escort,7,8,7,5291,7611,1108,00:10:57,657
260607_CR_PF_S1,1,CR,CH0R0NG,SPT,Ilios,Control,14,3,18,2794,6919,0,00:08:58,538
260607_CR_PF_S1,1,CR,HEESANG,DPS,Ilios,Control,18,4,3,9048,188,668,00:08:58,538
260607_CR_PF_S1,1,CR,LIP,DPS,Ilios,Control,21,4,2,10890,232,170,00:08:58,538
260607_CR_PF_S1,1,CR,MAX,TANK,Ilios,Control,14,1,4,5519,1013,8298,00:08:58,538
260607_CR_PF_S1,1,CR,VIGILANTE,SPT,Ilios,Control,11,7,13,4568,4864,223,00:08:58,538
260607_CR_PF_S1,1,PF,CARU,SPT,Ilios,Control,6,4,4,2534,8317,0,00:08:58,538
260607_CR_PF_S1,1,PF,D0D0,DPS,Ilios,Control,8,8,0,4490,224,0,00:08:58,538
260607_CR_PF_S1,1,PF,FEARFUL,TANK,Ilios,Control,7,7,2,5533,1123,2883,00:08:58,538
260607_CR_PF_S1,1,PF,K4NE,DPS,Ilios,Control,8,8,1,8021,272,947,00:08:58,538
260607_CR_PF_S1,1,PF,SP1NEL,SPT,Ilios,Control,9,7,5,2122,5691,0,00:08:58,538
260607_CR_PF_S2,1,PF,CARU,SPT,Suravasa,Flashpoint,3,8,18,2681,13855,0,00:10:30,630
260607_CR_PF_S2,1,PF,D0D0,DPS,Suravasa,Flashpoint,8,8,2,7845,33,1773,00:10:30,630
260607_CR_PF_S2,1,PF,FEARFUL,TANK,Suravasa,Flashpoint,9,6,2,9591,0,18423,00:10:30,630
260607_CR_PF_S2,1,PF,K4NE,DPS,Suravasa,Flashpoint,15,7,0,9979,0,0,00:10:30,630
260607_CR_PF_S2,1,PF,SP1NEL,SPT,Suravasa,Flashpoint,11,6,9,3940,6797,1574,00:10:30,630
260607_CR_PF_S2,1,CR,CH0R0NG,SPT,Suravasa,Flashpoint,12,4,15,3941,5220,827,00:10:30,630
260607_CR_PF_S2,1,CR,HEESANG,DPS,Suravasa,Flashpoint,22,3,8,11970,61,0,00:10:30,630
260607_CR_PF_S2,1,CR,LIP,DPS,Suravasa,Flashpoint,17,7,0,9234,0,0,00:10:30,630
260607_CR_PF_S2,1,CR,MAX,TANK,Suravasa,Flashpoint,22,2,6,9845,1615,15866,00:10:30,630
260607_CR_PF_S2,1,CR,VIGILANTE,SPT,Suravasa,Flashpoint,7,4,20,4298,11702,0,00:10:30,630
260607_CR_PF_S3,1,PF,CARU,SPT,Runasapi,Push,4,10,9,3409,5516,0,00:10:31,631
260607_CR_PF_S3,1,PF,D0D0,DPS,Runasapi,Push,10,9,0,5429,8,0,00:10:31,631
260607_CR_PF_S3,1,PF,FEARFUL,TANK,Runasapi,Push,10,6,0,7194,1773,4843,00:10:31,631
260607_CR_PF_S3,1,PF,K4NE,DPS,Runasapi,Push,14,10,0,12076,0,317,00:10:31,631
260607_CR_PF_S3,1,PF,SP1NEL,SPT,Runasapi,Push,4,9,13,3318,6761,4674,00:10:31,631
260607_CR_PF_S3,1,CR,CH0R0NG,SPT,Runasapi,Push,16,2,19,2685,6585,0,00:10:31,631
260607_CR_PF_S3,1,CR,JUNBIN,TANK,Runasapi,Push,29,2,2,8705,2490,4864,00:10:31,631
260607_CR_PF_S3,1,CR,LIP,DPS,Runasapi,Push,25,6,10,8840,428,0,00:10:31,631
260607_CR_PF_S3,1,CR,STALK3R,DPS,Runasapi,Push,27,3,0,8596,0,0,00:10:31,631
260607_CR_PF_S3,1,CR,VIGILANTE,SPT,Runasapi,Push,20,5,17,9535,2481,593,00:10:31,631
260612_CB_SB_S1,2,CB,ARGON,DPS,Ilios,Control,13,1,0,6715,958,0,00:07:06,426
260612_CB_SB_S1,2,CB,FARMER,TANK,Ilios,Control,15,2,3,5418,3101,2770,00:07:06,426
260612_CB_SB_S1,2,CB,M1NUT2,DPS,Ilios,Control,10,2,0,6539,258,313,00:07:06,426
260612_CB_SB_S1,2,CB,TENTEN,SPT,Ilios,Control,6,3,6,2534,5358,1327,00:07:06,426
260612_CB_SB_S1,2,CB,WOOCHAN,SPT,Ilios,Control,5,0,8,4607,6392,0,00:07:06,426
260612_CB_SB_S1,2,SB,AZENT,DPS,Ilios,Control,6,5,0,6072,133,0,00:07:06,426
260612_CB_SB_S1,2,SB,DUMBBELL,SPT,Ilios,Control,3,2,6,5033,4993,1279,00:07:06,426
260612_CB_SB_S1,2,SB,SENTIER,TANK,Ilios,Control,3,3,1,4170,1321,3035,00:07:06,426
260612_CB_SB_S1,2,SB,SORI,DPS,Ilios,Control,3,7,0,5562,0,86,00:07:06,426
260612_CB_SB_S1,2,SB,UNIV2R,SPT,Ilios,Control,4,5,4,4764,4943,0,00:07:06,426
260612_CB_SB_S2,2,SB,DUMBBELL,SPT,New Junk City,Flashpoint,9,6,13,3278,9861,1274,00:12:19,739
260612_CB_SB_S2,2,SB,HOMERUNBALL,TANK,New Junk City,Flashpoint,15,5,7,11067,0,19977,00:12:19,739
260612_CB_SB_S2,2,SB,SOAE,SPT,New Junk City,Flashpoint,20,6,5,10368,1471,9889,00:12:19,739
260612_CB_SB_S2,2,SB,SORI,DPS,New Junk City,Flashpoint,22,6,0,12335,0,0,00:12:19,739
260612_CB_SB_S2,2,SB,UNIV2R,SPT,New Junk City,Flashpoint,6,4,22,4200,17283,0,00:12:19,739
260612_CB_SB_S2,2,CB,ARGON,DPS,New Junk City,Flashpoint,17,5,4,9271,1415,8444,00:12:19,739
260612_CB_SB_S2,2,CB,GUR3UM,TANK,New Junk City,Flashpoint,18,4,2,14656,0,22567,00:12:19,739
260612_CB_SB_S2,2,CB,M1NUT2,DPS,New Junk City,Flashpoint,16,5,0,11654,0,0,00:12:19,739
260612_CB_SB_S2,2,CB,TENTEN,SPT,New Junk City,Flashpoint,8,7,15,4788,12333,2281,00:12:19,739
260612_CB_SB_S2,2,CB,WOOCHAN,SPT,New Junk City,Flashpoint,7,5,18,3296,15212,0,00:12:19,739
260612_CB_SB_S3,2,CB,ARGON,DPS,King's Row,Hybrid,20,5,1,10035,525,3809,00:14:08,848
260612_CB_SB_S3,2,CB,GUR3UM,TANK,King's Row,Hybrid,19,6,4,15502,1094,24000,00:14:08,848
260612_CB_SB_S3,2,CB,M1NUT2,DPS,King's Row,Hybrid,21,4,0,12705,0,0,00:14:08,848
260612_CB_SB_S3,2,CB,TENTEN,SPT,King's Row,Hybrid,15,6,16,9394,11540,1578,00:14:08,848
260612_CB_SB_S3,2,CB,WOOCHAN,SPT,King's Row,Hybrid,6,6,16,4893,13214,367,00:14:08,848
260612_CB_SB_S3,2,SB,DUMBBELL,SPT,King's Row,Hybrid,10,5,13,4954,16485,2391,00:14:08,848
260612_CB_SB_S3,2,SB,HOMERUNBALL,TANK,King's Row,Hybrid,14,5,2,14459,50,20677,00:14:08,848
260612_CB_SB_S3,2,SB,SOAE,SPT,King's Row,Hybrid,12,8,4,7033,1070,6081,00:14:08,848
260612_CB_SB_S3,2,SB,SORI,DPS,King's Row,Hybrid,16,8,0,11389,0,0,00:14:08,848
260612_CB_SB_S3,2,SB,UNIV2R,SPT,King's Row,Hybrid,9,5,15,4962,19892,0,00:14:08,848
260612_O2_ZETA_S1,2,O2,FAITH,SPT,Oasis,Control,4,6,7,2278,5643,1692,00:07:25,445
260612_O2_ZETA_S1,2,O2,MISIN,SPT,Oasis,Control,5,5,8,2678,7458,0,00:07:25,445
260612_O2_ZETA_S1,2,O2,PERR,DPS,Oasis,Control,7,4,0,4640,0,310,00:07:25,445
260612_O2_ZETA_S1,2,O2,SEUNGAN,TANK,Oasis,Control,7,6,0,6784,0,12952,00:07:25,445
260612_O2_ZETA_S1,2,O2,WUTIAN,DPS,Oasis,Control,6,6,0,3988,73,0,00:07:25,445
260612_O2_ZETA_S1,2,ZETA,BERNAR,TANK,Oasis,Control,9,3,2,6385,0,9708,00:07:25,445
260612_O2_ZETA_S1,2,ZETA,KNIFE,DPS,Oasis,Control,14,2,0,5431,0,0,00:07:25,445
260612_O2_ZETA_S1,2,ZETA,PROPER,DPS,Oasis,Control,19,2,4,6871,0,0,00:07:25,445
260612_O2_ZETA_S1,2,ZETA,SHU,SPT,Oasis,Control,18,3,11,4745,5636,1596,00:07:25,445
260612_O2_ZETA_S1,2,ZETA,VIOL2T,SPT,Oasis,Control,11,2,11,3578,7137,0,00:07:25,445
260612_O2_ZETA_S2,2,ZETA,KNIFE,DPS,New Junk City,Flashpoint,22,4,5,7950,536,3444,00:07:56,476
260612_O2_ZETA_S2,2,ZETA,MEALGARU,TANK,New Junk City,Flashpoint,18,4,15,9995,1434,4970,00:07:56,476
260612_O2_ZETA_S2,2,ZETA,PROPER,DPS,New Junk City,Flashpoint,20,2,0,6934,137,514,00:07:56,476
260612_O2_ZETA_S2,2,ZETA,SHU,SPT,New Junk City,Flashpoint,14,4,21,4269,8567,0,00:07:56,476
260612_O2_ZETA_S2,2,ZETA,VIOL2T,SPT,New Junk City,Flashpoint,23,1,16,5363,5196,2066,00:07:56,476
260612_O2_ZETA_S2,2,O2,FAITH,SPT,New Junk City,Flashpoint,8,6,12,2840,6022,465,00:07:56,476
260612_O2_ZETA_S2,2,O2,MISIN,SPT,New Junk City,Flashpoint,4,7,10,2829,9185,0,00:07:56,476
260612_O2_ZETA_S2,2,O2,PERR,DPS,New Junk City,Flashpoint,9,8,0,6104,0,0,00:07:56,476
260612_O2_ZETA_S2,2,O2,SEUNGAN,TANK,New Junk City,Flashpoint,13,6,6,9884,2608,5692,00:07:56,476
260612_O2_ZETA_S2,2,O2,WUTIAN,DPS,New Junk City,Flashpoint,9,6,0,7128,924,0,00:07:56,476
260612_O2_ZETA_S3,2,ZETA,BERNAR,TANK,Runasapi,Push,30,4,19,13164,2417,6662,00:09:15,555
260612_O2_ZETA_S3,2,ZETA,KNIFE,DPS,Runasapi,Push,30,4,0,9443,0,0,00:09:15,555
260612_O2_ZETA_S3,2,ZETA,PROPER,DPS,Runasapi,Push,19,6,3,10654,0,443,00:09:15,555
260612_O2_ZETA_S3,2,ZETA,SHU,SPT,Runasapi,Push,22,0,34,5253,14276,0,00:09:15,555
260612_O2_ZETA_S3,2,ZETA,VIOL2T,SPT,Runasapi,Push,27,1,22,4472,5784,1100,00:09:15,555
260612_O2_ZETA_S3,2,O2,FAITH,SPT,Runasapi,Push,6,8,9,4017,6199,1179,00:09:15,555
260612_O2_ZETA_S3,2,O2,FATE,TANK,Runasapi,Push,10,9,4,10870,2418,8258,00:09:15,555
260612_O2_ZETA_S3,2,O2,MISIN,SPT,Runasapi,Push,8,8,7,3600,11676,0,00:09:15,555
260612_O2_ZETA_S3,2,O2,PERR,DPS,Runasapi,Push,12,9,0,8436,0,0,00:09:15,555
260612_O2_ZETA_S3,2,O2,WUTIAN,DPS,Runasapi,Push,9,7,0,9083,1301,0,00:09:15,555
260612_CR_ROZE_S1,2,CR,CH0R0NG,SPT,Antarctic Peninsula,Control,18,1,21,1983,6709,0,00:06:31,391
260612_CR_ROZE_S1,2,CR,HEESANG,DPS,Antarctic Peninsula,Control,23,1,3,7801,515,0,00:06:31,391
260612_CR_ROZE_S1,2,CR,LIP,DPS,Antarctic Peninsula,Control,22,2,3,10496,353,697,00:06:31,391
260612_CR_ROZE_S1,2,CR,MAX,TANK,Antarctic Peninsula,Control,27,0,13,8965,1982,3074,00:06:31,391
260612_CR_ROZE_S1,2,CR,VIGILANTE,SPT,Antarctic Peninsula,Control,16,1,21,2750,7395,0,00:06:31,391
260612_CR_ROZE_S1,2,ROZE,BECKY,DPS,Antarctic Peninsula,Control,3,5,0,4322,193,0,00:06:31,391
260612_CR_ROZE_S1,2,ROZE,HEISER,TANK,Antarctic Peninsula,Control,3,8,4,8773,2086,3337,00:06:31,391
260612_CR_ROZE_S1,2,ROZE,IRONY,SPT,Antarctic Peninsula,Control,3,8,4,2695,7383,0,00:06:31,391
260612_CR_ROZE_S1,2,ROZE,KILO,DPS,Antarctic Peninsula,Control,4,8,0,7266,0,128,00:06:31,391
260612_CR_ROZE_S1,2,ROZE,OPENER,SPT,Antarctic Peninsula,Control,1,9,3,1519,3634,0,00:06:31,391
260612_CR_ROZE_S2,2,CR,CH0R0NG,SPT,Hollywood,Hybrid,16,2,20,2434,2636,1173,00:04:39,279
260612_CR_ROZE_S2,2,CR,HEESANG,DPS,Hollywood,Hybrid,18,0,2,4138,90,2494,00:04:39,279
260612_CR_ROZE_S2,2,CR,LIP,DPS,Hollywood,Hybrid,15,1,4,6550,0,0,00:04:39,279
260612_CR_ROZE_S2,2,CR,MAX,TANK,Hollywood,Hybrid,20,0,3,6805,0,8447,00:04:39,279
260612_CR_ROZE_S2,2,CR,VIGILANTE,SPT,Hollywood,Hybrid,18,0,21,1907,6851,59,00:04:39,279
260612_CR_ROZE_S2,2,ROZE,BECKY,DPS,Hollywood,Hybrid,1,6,1,2669,194,588,00:04:39,279
260612_CR_ROZE_S2,2,ROZE,IRONY,SPT,Hollywood,Hybrid,1,6,2,1562,5626,0,00:04:39,279
260612_CR_ROZE_S2,2,ROZE,KILO,DPS,Hollywood,Hybrid,3,5,1,3648,0,175,00:04:39,279
260612_CR_ROZE_S2,2,ROZE,OPENER,SPT,Hollywood,Hybrid,2,6,1,1030,4337,1010,00:04:39,279
260612_CR_ROZE_S2,2,ROZE,VOID,TANK,Hollywood,Hybrid,1,5,1,4168,350,5985,00:04:39,279
260612_CR_ROZE_S3,2,ROZE,BECKY,DPS,Runasapi,Push,10,8,3,4467,51,4358,00:10:14,614
260612_CR_ROZE_S3,2,ROZE,HEISER,TANK,Runasapi,Push,15,7,0,7518,829,16461,00:10:14,614
260612_CR_ROZE_S3,2,ROZE,IRONY,SPT,Runasapi,Push,4,8,15,2676,16162,308,00:10:14,614
260612_CR_ROZE_S3,2,ROZE,KILO,DPS,Runasapi,Push,12,9,1,9529,0,337,00:10:14,614
260612_CR_ROZE_S3,2,ROZE,OPENER,SPT,Runasapi,Push,7,8,10,2520,7045,2203,00:10:14,614
260612_CR_ROZE_S3,2,CR,CH0R0NG,SPT,Runasapi,Push,21,4,20,5396,6367,2093,00:10:14,614
260612_CR_ROZE_S3,2,CR,HEESANG,DPS,Runasapi,Push,32,2,11,13536,0,0,00:10:14,614
260612_CR_ROZE_S3,2,CR,LIP,DPS,Runasapi,Push,19,8,0,7110,0,73,00:10:14,614
260612_CR_ROZE_S3,2,CR,MAX,TANK,Runasapi,Push,27,3,14,10743,0,7285,00:10:14,614
260612_CR_ROZE_S3,2,CR,VIGILANTE,SPT,Runasapi,Push,15,3,21,4771,10389,0,00:10:14,614
260613_PF_FLC_S1,2,PF,CARU,SPT,Ilios,Control,0,3,2,2743,6236,0,00:06:10,370
260613_PF_FLC_S1,2,PF,D0D0,DPS,Ilios,Control,3,7,0,4298,604,0,00:06:10,370
260613_PF_FLC_S1,2,PF,FEARFUL,TANK,Ilios,Control,3,3,0,5674,1373,3456,00:06:10,370
260613_PF_FLC_S1,2,PF,K4NE,DPS,Ilios,Control,2,5,0,9862,161,1702,00:06:10,370
260613_PF_FLC_S1,2,PF,SP1NEL,SPT,Ilios,Control,1,2,1,911,5646,0,00:06:10,370
260613_PF_FLC_S1,2,FLC,CHIYO,SPT,Ilios,Control,9,0,6,1795,6943,0,00:06:10,370
260613_PF_FLC_S1,2,FLC,FIELDER,SPT,Ilios,Control,9,2,14,2857,7829,0,00:06:10,370
260613_PF_FLC_S1,2,FLC,HANBIN,TANK,Ilios,Control,11,1,6,8022,1402,2463,00:06:10,370
260613_PF_FLC_S1,2,FLC,MER1T,DPS,Ilios,Control,12,0,2,11624,510,1508,00:06:10,370
260613_PF_FLC_S1,2,FLC,SP1NT,DPS,Ilios,Control,12,1,0,5092,812,0,00:06:10,370
260613_PF_FLC_S2,2,PF,CARU,SPT,Suravasa,Flashpoint,8,5,14,2624,9780,0,00:08:56,536
260613_PF_FLC_S2,2,PF,D0D0,DPS,Suravasa,Flashpoint,14,6,0,6012,212,836,00:08:56,536
260613_PF_FLC_S2,2,PF,FEARFUL,TANK,Suravasa,Flashpoint,16,6,6,8094,2067,5030,00:08:56,536
260613_PF_FLC_S2,2,PF,K4NE,DPS,Suravasa,Flashpoint,11,4,0,10978,0,0,00:08:56,536
260613_PF_FLC_S2,2,PF,SP1NEL,SPT,Suravasa,Flashpoint,7,5,11,3070,6229,1408,00:08:56,536
260613_PF_FLC_S2,2,FLC,CHIYO,SPT,Suravasa,Flashpoint,10,3,16,3017,9378,0,00:08:56,536
260613_PF_FLC_S2,2,FLC,FIELDER,SPT,Suravasa,Flashpoint,10,5,8,3431,6700,1248,00:08:56,536
260613_PF_FLC_S2,2,FLC,HANBIN,TANK,Suravasa,Flashpoint,19,4,11,8831,2118,4654,00:08:56,536
260613_PF_FLC_S2,2,FLC,MER1T,DPS,Suravasa,Flashpoint,10,4,0,8835,0,81,00:08:56,536
260613_PF_FLC_S2,2,FLC,SP1NT,DPS,Suravasa,Flashpoint,16,5,0,6924,400,0,00:08:56,536
260613_PF_FLC_S3,2,PF,CARU,SPT,Runasapi,Push,3,4,9,1920,4482,0,00:06:40,400
260613_PF_FLC_S3,2,PF,D0D0,DPS,Runasapi,Push,8,6,0,3612,23,1685,00:06:40,400
260613_PF_FLC_S3,2,PF,FEARFUL,TANK,Runasapi,Push,7,9,0,6895,866,4027,00:06:40,400
260613_PF_FLC_S3,2,PF,K4NE,DPS,Runasapi,Push,6,7,0,6263,0,0,00:06:40,400
260613_PF_FLC_S3,2,PF,SP1NEL,SPT,Runasapi,Push,5,6,7,2313,3373,2502,00:06:40,400
260613_PF_FLC_S3,2,FLC,CHIYO,SPT,Runasapi,Push,17,1,17,3134,6601,0,00:06:40,400
260613_PF_FLC_S3,2,FLC,FIELDER,SPT,Runasapi,Push,14,2,19,3337,5088,1217,00:06:40,400
260613_PF_FLC_S3,2,FLC,HANBIN,TANK,Runasapi,Push,20,3,14,6316,1772,2435,00:06:40,400
260613_PF_FLC_S3,2,FLC,MER1T,DPS,Runasapi,Push,18,5,0,4019,0,91,00:06:40,400
260613_PF_FLC_S3,2,FLC,SP1NT,DPS,Runasapi,Push,24,1,0,4874,60,1776,00:06:40,400
260613_T1_O2_S1,2,T1,BLISS,SPT,Ilios,Control,11,0,9,2126,3043,0,00:06:25,385
260613_T1_O2_S1,2,T1,DONGHAK,TANK,Ilios,Control,14,0,3,5845,1469,3050,00:06:25,385
260613_T1_O2_S1,2,T1,PROUD,DPS,Ilios,Control,10,3,4,4199,0,0,00:06:25,385
260613_T1_O2_S1,2,T1,SKEWED,SPT,Ilios,Control,12,0,10,5909,2881,0,00:06:25,385
260613_T1_O2_S1,2,T1,ZEST,DPS,Ilios,Control,13,3,0,6956,95,0,00:06:25,385
260613_T1_O2_S1,2,O2,FAITH,SPT,Ilios,Control,1,4,1,1280,2131,0,00:06:25,385
260613_T1_O2_S1,2,O2,FATE,TANK,Ilios,Control,3,4,0,4946,1886,2765,00:06:25,385
260613_T1_O2_S1,2,O2,MISIN,SPT,Ilios,Control,3,6,0,2760,4817,0,00:06:25,385
260613_T1_O2_S1,2,O2,PERR,DPS,Ilios,Control,0,6,0,2391,0,29,00:06:25,385
260613_T1_O2_S1,2,O2,WUTIAN,DPS,Ilios,Control,4,6,0,4873,126,0,00:06:25,385
260613_T1_O2_S2,2,T1,BLISS,SPT,Circuit Royal,Escort,8,1,11,1088,5193,0,00:05:03,303
260613_T1_O2_S2,2,T1,JASM1NE,TANK,Circuit Royal,Escort,8,0,1,5135,0,8503,00:05:03,303
260613_T1_O2_S2,2,T1,PROUD,DPS,Circuit Royal,Escort,11,1,1,3868,0,0,00:05:03,303
260613_T1_O2_S2,2,T1,SKEWED,SPT,Circuit Royal,Escort,8,1,7,2651,4322,0,00:05:03,303
260613_T1_O2_S2,2,T1,ZEST,DPS,Circuit Royal,Escort,11,1,1,4660,0,0,00:05:03,303
260613_T1_O2_S2,2,O2,FAITH,SPT,Circuit Royal,Escort,1,1,0,327,3514,201,00:05:03,303
260613_T1_O2_S2,2,O2,MISIN,SPT,Circuit Royal,Escort,1,5,0,1386,4632,247,00:05:03,303
260613_T1_O2_S2,2,O2,PERR,DPS,Circuit Royal,Escort,1,3,0,4101,0,735,00:05:03,303
260613_T1_O2_S2,2,O2,SEUNGAN,TANK,Circuit Royal,Escort,2,3,0,3047,0,10772,00:05:03,303
260613_T1_O2_S2,2,O2,WUTIAN,DPS,Circuit Royal,Escort,2,6,0,3465,0,345,00:05:03,303
260613_T1_O2_S3,2,T1,BLISS,SPT,King's Row,Hybrid,27,6,18,9264,6792,1395,00:13:16,796
260613_T1_O2_S3,2,T1,JASM1NE,TANK,King's Row,Hybrid,28,5,5,14079,100,26659,00:13:16,796
260613_T1_O2_S3,2,T1,PROUD,DPS,King's Row,Hybrid,25,6,0,13053,0,0,00:13:16,796
260613_T1_O2_S3,2,T1,SKEWED,SPT,King's Row,Hybrid,19,8,21,5096,13737,0,00:13:16,796
260613_T1_O2_S3,2,T1,ZEST,DPS,King's Row,Hybrid,23,8,5,13740,0,0,00:13:16,796
260613_T1_O2_S3,2,O2,FAITH,SPT,King's Row,Hybrid,8,8,10,5653,12408,1098,00:13:16,796
260613_T1_O2_S3,2,O2,MISIN,SPT,King's Row,Hybrid,15,9,14,4418,17881,0,00:13:16,796
260613_T1_O2_S3,2,O2,PERR,DPS,King's Row,Hybrid,20,9,5,8727,0,193,00:13:16,796
260613_T1_O2_S3,2,O2,SEUNGAN,TANK,King's Row,Hybrid,18,9,3,12228,0,32692,00:13:16,796
260613_T1_O2_S3,2,O2,WUTIAN,DPS,King's Row,Hybrid,13,9,2,7236,1917,4144,00:13:16,796
260613_SB_ZETA_S1,2,SB,DUMBBELL,SPT,Antarctic Peninsula,Control,0,6,3,2439,5719,0,00:06:44,404
260613_SB_ZETA_S1,2,SB,HOMERUNBALL,TANK,Antarctic Peninsula,Control,2,5,0,4431,537,14071,00:06:44,404
260613_SB_ZETA_S1,2,SB,SOAE,DPS,Antarctic Peninsula,Control,2,7,0,2593,590,1073,00:06:44,404
260613_SB_ZETA_S1,2,SB,SORI,DPS,Antarctic Peninsula,Control,2,7,0,6121,0,747,00:06:44,404
260613_SB_ZETA_S1,2,SB,UNIV2R,SPT,Antarctic Peninsula,Control,1,6,1,591,5352,248,00:06:44,404
260613_SB_ZETA_S1,2,ZETA,BERNAR,TANK,Antarctic Peninsula,Control,24,0,9,6325,645,6930,00:06:44,404
260613_SB_ZETA_S1,2,ZETA,KNIFE,DPS,Antarctic Peninsula,Control,19,1,3,8603,454,735,00:06:44,404
260613_SB_ZETA_S1,2,ZETA,PROPER,DPS,Antarctic Peninsula,Control,20,0,6,6701,0,0,00:06:44,404
260613_SB_ZETA_S1,2,ZETA,SHU,SPT,Antarctic Peninsula,Control,10,2,9,2104,5104,0,00:06:44,404
260613_SB_ZETA_S1,2,ZETA,VIOL2T,SPT,Antarctic Peninsula,Control,14,0,17,2012,5984,0,00:06:44,404
260613_SB_ZETA_S2,2,SB,DUMBBELL,SPT,New Junk City,Flashpoint,8,6,11,3769,4762,1327,00:07:51,471
260613_SB_ZETA_S2,2,SB,HOMERUNBALL,TANK,New Junk City,Flashpoint,14,5,6,9840,2589,5533,00:07:51,471
260613_SB_ZETA_S2,2,SB,SOAE,SPT,New Junk City,Flashpoint,9,6,0,4714,765,0,00:07:51,471
260613_SB_ZETA_S2,2,SB,SORI,DPS,New Junk City,Flashpoint,15,9,0,6833,0,0,00:07:51,471
260613_SB_ZETA_S2,2,SB,UNIV2R,SPT,New Junk City,Flashpoint,5,9,12,2599,8910,0,00:07:51,471
260613_SB_ZETA_S2,2,ZETA,KNIFE,DPS,New Junk City,Flashpoint,27,5,0,7288,0,0,00:07:51,471
260613_SB_ZETA_S2,2,ZETA,MEALGARU,TANK,New Junk City,Flashpoint,23,4,16,9622,2409,4409,00:07:51,471
260613_SB_ZETA_S2,2,ZETA,PROPER,DPS,New Junk City,Flashpoint,25,2,0,8910,548,0,00:07:51,471
260613_SB_ZETA_S2,2,ZETA,SHU,SPT,New Junk City,Flashpoint,10,5,23,3582,7286,0,00:07:51,471
260613_SB_ZETA_S2,2,ZETA,VIOL2T,SPT,New Junk City,Flashpoint,23,3,20,4712,4655,1502,00:07:51,471
260613_SB_ZETA_S3,2,SB,DUMBBELL,SPT,King's Row,Hybrid,14,10,22,6029,16907,1000,00:15:52,952
260613_SB_ZETA_S3,2,SB,HOMERUNBALL,TANK,King's Row,Hybrid,21,11,3,13656,511,32696,00:15:52,952
260613_SB_ZETA_S3,2,SB,SOAE,SPT,King's Row,Hybrid,14,16,4,10138,1052,3370,00:15:52,952
260613_SB_ZETA_S3,2,SB,SORI,DPS,King's Row,Hybrid,19,14,1,12086,0,300,00:15:52,952
260613_SB_ZETA_S3,2,SB,UNIV2R,SPT,King's Row,Hybrid,13,10,24,5307,18146,2671,00:15:52,952
260613_SB_ZETA_S3,2,ZETA,BERNAR,TANK,King's Row,Hybrid,23,8,3,16278,20,29020,00:15:52,952
260613_SB_ZETA_S3,2,ZETA,KNIFE,DPS,King's Row,Hybrid,32,9,3,13933,0,247,00:15:52,952
260613_SB_ZETA_S3,2,ZETA,PROPER,DPS,King's Row,Hybrid,33,5,10,14232,54,2463,00:15:52,952
260613_SB_ZETA_S3,2,ZETA,SHU,SPT,King's Row,Hybrid,22,6,24,7767,13635,1215,00:15:52,952
260613_SB_ZETA_S3,2,ZETA,VIOL2T,SPT,King's Row,Hybrid,34,8,36,13978,8957,1072,00:15:52,952
260614_ROZE_PF_S1,2,ROZE,BECKY,DPS,Oasis,Control,11,4,2,5138,0,0,00:06:01,361
260614_ROZE_PF_S1,2,ROZE,IRONY,SPT,Oasis,Control,5,0,10,1348,6774,0,00:06:01,361
260614_ROZE_PF_S1,2,ROZE,KILO,DPS,Oasis,Control,14,2,0,5628,0,0,00:06:01,361
260614_ROZE_PF_S1,2,ROZE,OPENER,SPT,Oasis,Control,9,1,11,2640,4835,518,00:06:01,361
260614_ROZE_PF_S1,2,ROZE,VOID,TANK,Oasis,Control,11,0,1,6900,0,7164,00:06:01,361
260614_ROZE_PF_S1,2,PF,CARU,SPT,Oasis,Control,1,4,3,1160,7421,0,00:06:01,361
260614_ROZE_PF_S1,2,PF,D0D0,DPS,Oasis,Control,3,5,0,3781,22,649,00:06:01,361
260614_ROZE_PF_S1,2,PF,FEARFUL,TANK,Oasis,Control,2,5,0,2909,1094,3737,00:06:01,361
260614_ROZE_PF_S1,2,PF,K4NE,DPS,Oasis,Control,6,4,0,4861,0,0,00:06:01,361
260614_ROZE_PF_S1,2,PF,SP1NEL,SPT,Oasis,Control,3,4,4,2209,2474,339,00:06:01,361
260614_ROZE_PF_S2,2,FLC,CHIYO,SPT,Rialto,Escort,9,1,11,1479,5736,0,00:05:58,358
260614_ROZE_PF_S2,2,FLC,FIELDER,SPT,Rialto,Escort,8,3,13,1837,7864,0,00:05:58,358
260614_ROZE_PF_S2,2,FLC,HANBIN,TANK,Rialto,Escort,17,1,10,6751,1997,1968,00:05:58,358
260614_ROZE_PF_S2,2,FLC,MER1T,DPS,Rialto,Escort,12,3,1,9369,32,1256,00:05:58,358
260614_ROZE_PF_S2,2,FLC,SP1NT,DPS,Rialto,Escort,17,1,1,7710,856,0,00:05:58,358
260614_ROZE_PF_S2,2,T1,BLISS,SPT,Rialto,Escort,7,2,6,1581,5530,0,00:05:58,358
260614_ROZE_PF_S2,2,T1,DONGHAK,TANK,Rialto,Escort,5,5,3,7259,1436,5886,00:05:58,358
260614_ROZE_PF_S2,2,T1,PROUD,DPS,Rialto,Escort,6,5,0,6872,0,1254,00:05:58,358
260614_ROZE_PF_S2,2,T1,SKEWED,SPT,Rialto,Escort,3,5,6,3706,7216,0,00:05:58,358
260614_ROZE_PF_S2,2,T1,ZEST,DPS,Rialto,Escort,6,5,0,4682,518,0,00:05:58,358
260614_ROZE_PF_S3,2,T1,BLISS,SPT,Runasapi,Push,5,6,12,2232,9423,0,00:10:32,632
260614_ROZE_PF_S3,2,T1,DONGHAK,TANK,Runasapi,Push,16,6,7,10520,1942,10230,00:10:32,632
260614_ROZE_PF_S3,2,T1,PROUD,DPS,Runasapi,Push,16,8,0,9514,0,0,00:10:32,632
260614_ROZE_PF_S3,2,T1,SKEWED,SPT,Runasapi,Push,4,8,12,4762,9250,2158,00:10:32,632
260614_ROZE_PF_S3,2,T1,ZEST,DPS,Runasapi,Push,8,7,3,8185,171,1014,00:10:32,632
260614_ROZE_PF_S3,2,FLC,CHIYO,SPT,Runasapi,Push,17,5,19,3809,10847,0,00:10:32,632
260614_ROZE_PF_S3,2,FLC,FIELDER,SPT,Runasapi,Push,14,6,21,5125,9338,705,00:10:32,632
260614_ROZE_PF_S3,2,FLC,HANBIN,TANK,Runasapi,Push,25,3,18,9109,2599,20660,00:10:32,632
260614_ROZE_PF_S3,2,FLC,MER1T,DPS,Runasapi,Push,19,5,0,10098,0,0,00:10:32,632
260614_ROZE_PF_S3,2,FLC,SP1NT,DPS,Runasapi,Push,21,2,0,9728,31,0,00:10:32,632
260614_CR_CB_S1,2,PF,CARU,SPT,Suravasa,Flashpoint,6,5,25,2511,15740,0,00:11:16,676
260614_CR_CB_S1,2,PF,D0D0,DPS,Suravasa,Flashpoint,16,6,0,5528,230,2095,00:11:16,676
260614_CR_CB_S1,2,PF,FEARFUL,TANK,Suravasa,Flashpoint,17,4,3,11392,550,22697,00:11:16,676
260614_CR_CB_S1,2,PF,K4NE,DPS,Suravasa,Flashpoint,22,3,0,11903,0,0,00:11:16,676
260614_CR_CB_S1,2,PF,SP1NEL,SPT,Suravasa,Flashpoint,10,6,16,3279,5329,1792,00:11:16,676
260614_CR_CB_S1,2,ROZE,BECKY,DPS,Suravasa,Flashpoint,21,6,7,10940,0,0,00:11:16,676
260614_CR_CB_S1,2,ROZE,IRONY,SPT,Suravasa,Flashpoint,8,4,13,3554,12902,0,00:11:16,676
260614_CR_CB_S1,2,ROZE,KILO,DPS,Suravasa,Flashpoint,11,5,0,10181,0,0,00:11:16,676
260614_CR_CB_S1,2,ROZE,OPENER,SPT,Suravasa,Flashpoint,9,7,12,3735,7862,1020,00:11:16,676
260614_CR_CB_S1,2,ROZE,VOID,TANK,Suravasa,Flashpoint,12,6,5,10281,472,16017,00:11:16,676
260614_CR_CB_S2,2,PF,CARU,SPT,Runasapi,Push,1,6,0,1403,6159,0,00:05:22,322
260614_CR_CB_S2,2,PF,D0D0,DPS,Runasapi,Push,2,3,0,3118,1058,3452,00:05:22,322
260614_CR_CB_S2,2,PF,FEARFUL,TANK,Runasapi,Push,1,5,0,6252,275,10236,00:05:22,322
260614_CR_CB_S2,2,PF,K4NE,DPS,Runasapi,Push,5,4,0,5235,0,0,00:05:22,322
260614_CR_CB_S2,2,PF,SP1NEL,SPT,Runasapi,Push,3,4,2,1603,5845,0,00:05:22,322
260614_CR_CB_S2,2,ROZE,BECKY,DPS,Runasapi,Push,12,2,0,4233,64,521,00:05:22,322
260614_CR_CB_S2,2,ROZE,IRONY,SPT,Runasapi,Push,9,1,10,2316,7039,0,00:05:22,322
260614_CR_CB_S2,2,ROZE,KILO,DPS,Runasapi,Push,16,1,0,6690,0,0,00:05:22,322
260614_CR_CB_S2,2,ROZE,OPENER,SPT,Runasapi,Push,11,0,14,3281,6322,450,00:05:22,322
260614_CR_CB_S2,2,ROZE,VOID,TANK,Runasapi,Push,12,1,0,7397,0,7671,00:05:22,322
260614_CR_CB_S3,2,CR,CH0R0NG,SPT,Oasis,Control,20,3,12,5820,8113,1695,00:08:14,494
260614_CR_CB_S3,2,CR,LIP,DPS,Oasis,Control,20,6,2,9372,345,76,00:08:14,494
260614_CR_CB_S3,2,CR,MAX,TANK,Oasis,Control,23,2,13,10391,1154,10003,00:08:14,494
260614_CR_CB_S3,2,CR,STALK3R,DPS,Oasis,Control,23,3,5,9360,78,1819,00:08:14,494
260614_CR_CB_S3,2,CR,VIGILANTE,SPT,Oasis,Control,16,3,20,5125,14633,0,00:08:14,494
260614_CR_CB_S3,2,CB,ARGON,DPS,Oasis,Control,12,7,2,7517,537,4197,00:08:14,494
260614_CR_CB_S3,2,CB,GUR3UM,TANK,Oasis,Control,8,8,3,11756,291,17346,00:08:14,494
260614_CR_CB_S3,2,CB,M1NUT2,DPS,Oasis,Control,9,9,0,8123,0,0,00:08:14,494
260614_CR_CB_S3,2,CB,TENTEN,SPT,Oasis,Control,7,6,10,5047,10605,1815,00:08:14,494
260614_CR_CB_S3,2,CB,WOOCHAN,SPT,Oasis,Control,7,6,13,3258,13580,0,00:08:14,494
260614_FLC_T1_S1,2,CB,ARGON,DPS,Runasapi,Push,6,4,0,3749,550,0,00:04:41,281
260614_FLC_T1_S1,2,CB,GUR3UM,TANK,Runasapi,Push,3,5,1,3919,0,7319,00:04:41,281
260614_FLC_T1_S1,2,CB,M1NUT2,DPS,Runasapi,Push,6,5,0,4971,0,381,00:04:41,281
260614_FLC_T1_S1,2,CB,TENTEN,SPT,Runasapi,Push,1,3,4,665,4037,0,00:04:41,281
260614_FLC_T1_S1,2,CB,WOOCHAN,SPT,Runasapi,Push,4,4,6,1663,5825,0,00:04:41,281
260614_FLC_T1_S1,2,CR,CH0R0NG,SPT,Runasapi,Push,13,1,15,2501,2826,346,00:04:41,281
260614_FLC_T1_S1,2,CR,LIP,DPS,Runasapi,Push,10,3,1,4485,212,201,00:04:41,281
260614_FLC_T1_S1,2,CR,MAX,TANK,Runasapi,Push,13,2,3,5009,819,6623,00:04:41,281
260614_FLC_T1_S1,2,CR,STALK3R,DPS,Runasapi,Push,15,1,4,5399,171,1126,00:04:41,281
260614_FLC_T1_S1,2,CR,VIGILANTE,SPT,Runasapi,Push,10,1,16,2840,5774,0,00:04:41,281
260614_FLC_T1_S2,2,CB,ARGON,DPS,Suravasa,Flashpoint,17,9,0,10164,500,0,00:11:40,700
260614_FLC_T1_S2,2,CB,FARMER,TANK,Suravasa,Flashpoint,17,7,11,14120,4164,7870,00:11:40,700
260614_FLC_T1_S2,2,CB,M1NUT2,DPS,Suravasa,Flashpoint,21,7,0,16950,514,1594,00:11:40,700
260614_FLC_T1_S2,2,CB,TENTEN,SPT,Suravasa,Flashpoint,17,7,10,3238,9568,0,00:11:40,700
260614_FLC_T1_S2,2,CB,WOOCHAN,SPT,Suravasa,Flashpoint,9,9,21,5306,16101,0,00:11:40,700
260614_FLC_T1_S2,2,CR,CH0R0NG,SPT,Suravasa,Flashpoint,20,7,17,4803,9193,1013,00:11:40,700
260614_FLC_T1_S2,2,CR,LIP,DPS,Suravasa,Flashpoint,25,8,3,16976,103,1703,00:11:40,700
260614_FLC_T1_S2,2,CR,MAX,TANK,Suravasa,Flashpoint,25,7,15,13585,2274,13468,00:11:40,700
260614_FLC_T1_S2,2,CR,STALK3R,DPS,Suravasa,Flashpoint,23,4,0,9627,592,1845,00:11:40,700
260614_FLC_T1_S2,2,CR,VIGILANTE,SPT,Suravasa,Flashpoint,16,4,26,6928,17628,0,00:11:40,700
260614_FLC_T1_S3,2,FLC,CHECKMATE,DPS,Antarctic Peninsula,Control,28,13,11,10663,766,4423,00:15:14,914
260614_FLC_T1_S3,2,FLC,CHIYO,SPT,Antarctic Peninsula,Control,24,11,34,7845,19712,5374,00:15:14,914
260614_FLC_T1_S3,2,FLC,FIELDER,SPT,Antarctic Peninsula,Control,19,11,42,6020,17452,0,00:15:14,914
260614_FLC_T1_S3,2,FLC,MER1T,DPS,Antarctic Peninsula,Control,34,13,4,17787,1112,2052,00:15:14,914
260614_FLC_T1_S3,2,FLC,SOMEONE,TANK,Antarctic Peninsula,Control,34,9,8,21862,0,31123,00:15:14,914
260614_FLC_T1_S3,2,T1,BLISS,SPT,Antarctic Peninsula,Control,30,9,34,6646,13750,2855,00:15:14,914
260614_FLC_T1_S3,2,T1,DONGHAK,TANK,Antarctic Peninsula,Control,43,11,26,15518,3699,8999,00:15:14,914
260614_FLC_T1_S3,2,T1,PROUD,DPS,Antarctic Peninsula,Control,37,11,0,19533,0,0,00:15:14,914
260614_FLC_T1_S3,2,T1,SKEWED,SPT,Antarctic Peninsula,Control,17,9,40,5743,19079,0,00:15:14,914
260614_FLC_T1_S3,2,T1,ZEST,DPS,Antarctic Peninsula,Control,42,11,0,16802,881,0,00:15:14,914
260614_FLC_T1_S4,2,T1,BLISS,SPT,Hollywood,Hybrid,17,7,15,3869,7977,905,00:13:24,804
260614_FLC_T1_S4,2,T1,DONGHAK,TANK,Hollywood,Hybrid,27,8,8,12898,2004,7635,00:13:24,804
260614_FLC_T1_S4,2,T1,PROUD,DPS,Hollywood,Hybrid,19,9,0,12244,28,861,00:13:24,804
260614_FLC_T1_S4,2,T1,SKEWED,SPT,Hollywood,Hybrid,16,8,21,5201,11991,0,00:13:24,804
260614_FLC_T1_S4,2,T1,ZEST,DPS,Hollywood,Hybrid,19,7,7,10065,268,337,00:13:24,804
260614_FLC_T1_S4,2,FLC,CHECKMATE,DPS,Hollywood,Hybrid,24,6,4,7355,73,653,00:13:24,804
260614_FLC_T1_S4,2,FLC,CHIYO,SPT,Hollywood,Hybrid,11,9,22,3437,11091,1255,00:13:24,804
260614_FLC_T1_S4,2,FLC,FIELDER,SPT,Hollywood,Hybrid,12,9,26,5336,13099,0,00:13:24,804
260614_FLC_T1_S4,2,FLC,MER1T,DPS,Hollywood,Hybrid,30,7,1,16064,223,1971,00:13:24,804
260614_FLC_T1_S4,2,FLC,SOMEONE,TANK,Hollywood,Hybrid,20,6,5,12475,623,19741,00:13:24,804
260614_FLC_T1_S5,2,T1,BLISS,SPT,New Junk City,Flashpoint,23,1,19,3204,5452,482,00:07:27,447
260614_FLC_T1_S5,2,T1,DONGHAK,TANK,New Junk City,Flashpoint,30,2,20,9793,2448,5153,00:07:27,447
260614_FLC_T1_S5,2,T1,PROUD,DPS,New Junk City,Flashpoint,27,3,0,9284,0,0,00:07:27,447
260614_FLC_T1_S5,2,T1,SKEWED,SPT,New Junk City,Flashpoint,14,3,31,3701,7454,0,00:07:27,447
260614_FLC_T1_S5,2,T1,ZEST,DPS,New Junk City,Flashpoint,27,4,7,8237,309,375,00:07:27,447
260614_FLC_T1_S5,2,FLC,CHIYO,SPT,New Junk City,Flashpoint,4,7,6,2661,5198,2173,00:07:27,447
260614_FLC_T1_S5,2,FLC,FIELDER,SPT,New Junk City,Flashpoint,7,7,7,3670,7347,0,00:07:27,447
260614_FLC_T1_S5,2,FLC,HANBIN,TANK,New Junk City,Flashpoint,8,9,6,5874,2083,4282,00:07:27,447
260614_FLC_T1_S5,2,FLC,MER1T,DPS,New Junk City,Flashpoint,5,9,0,6360,0,0,00:07:27,447
260614_FLC_T1_S5,2,FLC,SP1NT,DPS,New Junk City,Flashpoint,11,8,0,5798,615,0,00:07:27,447
260619_ROZE_CB_S1,3,ROZE,BECKY,DPS,Ilios,Control,30,7,6,14489,455,660,00:13:52,832
260619_ROZE_CB_S1,3,ROZE,HEISER,TANK,Ilios,Control,29,4,9,10005,1867,7876,00:13:52,832
260619_ROZE_CB_S1,3,ROZE,IRONY,SPT,Ilios,Control,17,7,24,8525,7263,512,00:13:52,832
260619_ROZE_CB_S1,3,ROZE,KILO,DPS,Ilios,Control,26,10,3,13794,0,860,00:13:52,832
260619_ROZE_CB_S1,3,ROZE,OPENER,SPT,Ilios,Control,15,5,20,2695,10386,0,00:13:52,832
260619_ROZE_CB_S1,3,CB,ARGON,DPS,Ilios,Control,18,9,3,12526,0,503,00:13:52,832
260619_ROZE_CB_S1,3,CB,FARMER,TANK,Ilios,Control,13,9,0,9539,5685,2066,00:13:52,832
260619_ROZE_CB_S1,3,CB,M1NUT2,DPS,Ilios,Control,20,12,1,13718,0,418,00:13:52,832
260619_ROZE_CB_S1,3,CB,TENTEN,SPT,Ilios,Control,15,8,19,5087,10222,2500,00:13:52,832
260619_ROZE_CB_S1,3,CB,WOOCHAN,SPT,Ilios,Control,7,7,20,4741,11599,0,00:13:52,832
260619_ROZE_CB_S2,3,ROZE,BECKY,DPS,Circuit Royal,Escort,21,11,5,21199,91,198,00:18:53,1133
260619_ROZE_CB_S2,3,ROZE,IRONY,SPT,Circuit Royal,Escort,11,6,22,5148,29534,0,00:18:53,1133
260619_ROZE_CB_S2,3,ROZE,KILO,DPS,Circuit Royal,Escort,19,12,3,20717,186,511,00:18:53,1133
260619_ROZE_CB_S2,3,ROZE,OPENER,SPT,Circuit Royal,Escort,11,8,14,6032,13426,400,00:18:53,1133
260619_ROZE_CB_S2,3,ROZE,VOID,TANK,Circuit Royal,Escort,18,8,5,18871,505,35547,00:18:53,1133
260619_ROZE_CB_S2,3,CB,ARGON,DPS,Circuit Royal,Escort,27,6,10,13545,2897,9612,00:18:53,1133
260619_ROZE_CB_S2,3,CB,GUR3UM,TANK,Circuit Royal,Escort,28,6,6,19819,393,42551,00:18:53,1133
260619_ROZE_CB_S2,3,CB,M1NUT2,DPS,Circuit Royal,Escort,37,8,1,21946,255,559,00:18:53,1133
260619_ROZE_CB_S2,3,CB,TENTEN,SPT,Circuit Royal,Escort,15,8,26,7637,17351,2348,00:18:53,1133
260619_ROZE_CB_S2,3,CB,WOOCHAN,SPT,Circuit Royal,Escort,14,2,38,3400,31253,0,00:18:53,1133
260619_ROZE_CB_S3,3,ROZE,BECKY,DPS,Runasapi,Push,16,1,3,5617,0,558,00:04:14,254
260619_ROZE_CB_S3,3,ROZE,HEISER,TANK,Runasapi,Push,17,0,9,6734,1415,2906,00:04:14,254
260619_ROZE_CB_S3,3,ROZE,IRONY,SPT,Runasapi,Push,8,0,15,1373,7275,0,00:04:14,254
260619_ROZE_CB_S3,3,ROZE,KILO,DPS,Runasapi,Push,14,1,0,5380,0,0,00:04:14,254
260619_ROZE_CB_S3,3,ROZE,OPENER,SPT,Runasapi,Push,13,1,12,2515,4543,1523,00:04:14,254
260619_ROZE_CB_S3,3,CB,ARGON,DPS,Runasapi,Push,0,5,0,3136,0,153,00:04:14,254
260619_ROZE_CB_S3,3,CB,GUR3UM,TANK,Runasapi,Push,3,6,3,5729,1529,3479,00:04:14,254
260619_ROZE_CB_S3,3,CB,M1NUT2,DPS,Runasapi,Push,2,5,0,6025,0,229,00:04:14,254
260619_ROZE_CB_S3,3,CB,TENTEN,SPT,Runasapi,Push,3,3,0,2063,3366,1233,00:04:14,254
260619_ROZE_CB_S3,3,CB,WOOCHAN,SPT,Runasapi,Push,0,3,2,1434,4830,0,00:04:14,254
260619_ROZE_CB_S4,3,ROZE,BECKY,DPS,Hollywood,Hybrid,31,4,11,11200,1027,4316,00:12:29,749
260619_ROZE_CB_S4,3,ROZE,HEISER,TANK,Hollywood,Hybrid,32,3,9,10368,2576,13673,00:12:29,749
260619_ROZE_CB_S4,3,ROZE,IRONY,SPT,Hollywood,Hybrid,26,4,33,5241,14870,0,00:12:29,749
260619_ROZE_CB_S4,3,ROZE,KILO,DPS,Hollywood,Hybrid,24,8,3,12240,171,302,00:12:29,749
260619_ROZE_CB_S4,3,ROZE,OPENER,SPT,Hollywood,Hybrid,20,4,24,4279,9699,1710,00:12:29,749
260619_ROZE_CB_S4,3,CB,ARGON,DPS,Hollywood,Hybrid,15,9,2,8841,1193,1679,00:12:29,749
260619_ROZE_CB_S4,3,CB,GUR3UM,TANK,Hollywood,Hybrid,16,10,2,12741,245,21736,00:12:29,749
260619_ROZE_CB_S4,3,CB,M1NUT2,DPS,Hollywood,Hybrid,13,11,1,11226,6,1978,00:12:29,749
260619_ROZE_CB_S4,3,CB,TENTEN,SPT,Hollywood,Hybrid,9,9,11,4630,10332,668,00:12:29,749
260619_ROZE_CB_S4,3,CB,WOOCHAN,SPT,Hollywood,Hybrid,9,6,13,4804,11676,0,00:12:29,749
260619_FLC_O2_S1,3,FLC,CHIYO,SPT,Ilios,Control,7,1,10,2647,6762,0,00:07:07,427
260619_FLC_O2_S1,3,FLC,FIELDER,SPT,Ilios,Control,11,2,11,4494,6207,1179,00:07:07,427
260619_FLC_O2_S1,3,FLC,HANBIN,TANK,Ilios,Control,14,0,9,5092,1706,10046,00:07:07,427
260619_FLC_O2_S1,3,FLC,MER1T,DPS,Ilios,Control,11,2,0,6014,0,28,00:07:07,427
260619_FLC_O2_S1,3,FLC,SP1NT,DPS,Ilios,Control,8,3,3,6299,233,382,00:07:07,427
260619_FLC_O2_S1,3,O2,FAITH,SPT,Ilios,Control,2,5,2,2690,4805,1199,00:07:07,427
260619_FLC_O2_S1,3,O2,FATE,TANK,Ilios,Control,5,3,0,5820,757,7995,00:07:07,427
260619_FLC_O2_S1,3,O2,MISIN,SPT,Ilios,Control,2,4,5,3486,5385,0,00:07:07,427
260619_FLC_O2_S1,3,O2,PERR,DPS,Ilios,Control,5,4,1,4728,59,118,00:07:07,427
260619_FLC_O2_S1,3,O2,WUTIAN,DPS,Ilios,Control,2,5,0,3291,0,0,00:07:07,427
260619_FLC_O2_S2,3,O2,FAITH,SPT,Numbani,Hybrid,17,5,15,3590,15730,0,00:12:28,748
260619_FLC_O2_S2,3,O2,MISIN,SPT,Numbani,Hybrid,10,12,18,4629,18152,0,00:12:28,748
260619_FLC_O2_S2,3,O2,PERR,DPS,Numbani,Hybrid,21,8,4,17212,172,1689,00:12:28,748
260619_FLC_O2_S2,3,O2,SEUNGAN,TANK,Numbani,Hybrid,18,10,12,17971,4928,10936,00:12:28,748
260619_FLC_O2_S2,3,O2,WUTIAN,DPS,Numbani,Hybrid,19,10,0,10251,1515,100,00:12:28,748
260619_FLC_O2_S2,3,FLC,CHIYO,SPT,Numbani,Hybrid,18,3,26,5812,15210,0,00:12:28,748
260619_FLC_O2_S2,3,FLC,FIELDER,SPT,Numbani,Hybrid,17,6,27,6765,12125,6694,00:12:28,748
260619_FLC_O2_S2,3,FLC,HANBIN,TANK,Numbani,Hybrid,32,5,29,20897,4997,10300,00:12:28,748
260619_FLC_O2_S2,3,FLC,MER1T,DPS,Numbani,Hybrid,34,7,7,17066,370,1118,00:12:28,748
260619_FLC_O2_S2,3,FLC,SP1NT,DPS,Numbani,Hybrid,33,7,6,16429,203,327,00:12:28,748
260619_FLC_O2_S3,3,O2,FAITH,SPT,Circuit Royal,Escort,5,4,3,4376,5963,506,00:09:00,540
260619_FLC_O2_S3,3,O2,MISIN,SPT,Circuit Royal,Escort,8,5,8,5218,9008,612,00:09:00,540
260619_FLC_O2_S3,3,O2,PERR,DPS,Circuit Royal,Escort,9,8,1,6290,198,202,00:09:00,540
260619_FLC_O2_S3,3,O2,SEUNGAN,TANK,Circuit Royal,Escort,8,8,3,6168,305,13315,00:09:00,540
260619_FLC_O2_S3,3,O2,WUTIAN,DPS,Circuit Royal,Escort,4,7,1,6767,142,291,00:09:00,540
260619_FLC_O2_S3,3,FLC,CHECKMATE,DPS,Circuit Royal,Escort,19,2,7,9004,180,3601,00:09:00,540
260619_FLC_O2_S3,3,FLC,CHIYO,SPT,Circuit Royal,Escort,20,3,16,3252,8508,0,00:09:00,540
260619_FLC_O2_S3,3,FLC,FIELDER,SPT,Circuit Royal,Escort,7,4,20,2101,9082,0,00:09:00,540
260619_FLC_O2_S3,3,FLC,MER1T,DPS,Circuit Royal,Escort,21,5,0,8441,0,49,00:09:00,540
260619_FLC_O2_S3,3,FLC,SOMEONE,TANK,Circuit Royal,Escort,22,3,8,8167,722,17518,00:09:00,540
260619_T1_CR_S1,3,T1,BLISS,SPT,Ilios,Control,5,8,11,2885,8280,1007,00:10:00,600
260619_T1_CR_S1,3,T1,DONGHAK,TANK,Ilios,Control,16,6,8,6229,2363,16778,00:10:00,600
260619_T1_CR_S1,3,T1,PROUD,DPS,Ilios,Control,13,9,1,11334,0,391,00:10:00,600
260619_T1_CR_S1,3,T1,SKEWED,SPT,Ilios,Control,5,8,18,4992,12267,0,00:10:00,600
260619_T1_CR_S1,3,T1,ZEST,DPS,Ilios,Control,11,8,1,8554,262,3173,00:10:00,600
260619_T1_CR_S1,3,CR,CH0R0NG,SPT,Ilios,Control,17,6,19,2068,5814,0,00:10:00,600
260619_T1_CR_S1,3,CR,HEESANG,DPS,Ilios,Control,23,5,7,11482,0,134,00:10:00,600
260619_T1_CR_S1,3,CR,JUNBIN,TANK,Ilios,Control,23,3,9,8714,1576,3071,00:10:00,600
260619_T1_CR_S1,3,CR,STALK3R,DPS,Ilios,Control,26,5,2,12537,805,507,00:10:00,600
260619_T1_CR_S1,3,CR,VIGILANTE,SPT,Ilios,Control,10,4,18,4655,11979,0,00:10:00,600
260619_T1_CR_S2,3,CR,CH0R0NG,SPT,King's Row,Hybrid,20,4,21,5167,6906,2407,00:09:26,566
260619_T1_CR_S2,3,CR,HEESANG,DPS,King's Row,Hybrid,28,3,7,6342,244,1623,00:09:26,566
260619_T1_CR_S2,3,CR,MAX,TANK,King's Row,Hybrid,24,2,5,12183,0,20165,00:09:26,566
260619_T1_CR_S2,3,CR,STALK3R,DPS,King's Row,Hybrid,28,3,0,8851,39,520,00:09:26,566
260619_T1_CR_S2,3,CR,VIGILANTE,SPT,King's Row,Hybrid,12,3,28,3030,15281,115,00:09:26,566
260619_T1_CR_S2,3,T1,BLISS,SPT,King's Row,Hybrid,6,7,9,3627,6777,1276,00:09:26,566
260619_T1_CR_S2,3,T1,JASM1NE,TANK,King's Row,Hybrid,10,8,4,9925,0,9605,00:09:26,566
260619_T1_CR_S2,3,T1,PROUD,DPS,King's Row,Hybrid,5,8,0,8535,85,318,00:09:26,566
260619_T1_CR_S2,3,T1,SKEWED,SPT,King's Row,Hybrid,5,7,8,3527,11933,0,00:09:26,566
260619_T1_CR_S2,3,T1,ZEST,DPS,King's Row,Hybrid,9,7,2,7144,80,451,00:09:26,566
260619_T1_CR_S3,3,T1,BLISS,SPT,New Junk City,Flashpoint,19,9,20,4667,9180,3009,00:10:41,641
260619_T1_CR_S3,3,T1,DONGHAK,TANK,New Junk City,Flashpoint,27,7,19,9642,1883,6318,00:10:41,641
260619_T1_CR_S3,3,T1,PROUD,DPS,New Junk City,Flashpoint,30,7,2,13648,0,725,00:10:41,641
260619_T1_CR_S3,3,T1,SKEWED,SPT,New Junk City,Flashpoint,12,7,27,4539,14762,0,00:10:41,641
260619_T1_CR_S3,3,T1,ZEST,DPS,New Junk City,Flashpoint,20,8,4,7812,361,1091,00:10:41,641
260619_T1_CR_S3,3,CR,CH0R0NG,SPT,New Junk City,Flashpoint,18,9,23,4381,7432,2427,00:10:41,641
260619_T1_CR_S3,3,CR,HEESANG,DPS,New Junk City,Flashpoint,26,7,0,10619,1760,0,00:10:41,641
260619_T1_CR_S3,3,CR,MAX,TANK,New Junk City,Flashpoint,24,6,17,12692,0,9384,00:10:41,641
260619_T1_CR_S3,3,CR,STALK3R,DPS,New Junk City,Flashpoint,29,7,3,13093,7,487,00:10:41,641
260619_T1_CR_S3,3,CR,VIGILANTE,SPT,New Junk City,Flashpoint,19,8,25,5683,14340,0,00:10:41,641
260619_T1_CR_S4,3,T1,BLISS,SPT,Circuit Royal,Escort,13,11,18,6447,13452,4905,00:13:35,815
260619_T1_CR_S4,3,T1,JASM1NE,TANK,Circuit Royal,Escort,17,13,2,15858,600,26798,00:13:35,815
260619_T1_CR_S4,3,T1,PROUD,DPS,Circuit Royal,Escort,18,10,2,15145,0,120,00:13:35,815
260619_T1_CR_S4,3,T1,SKEWED,SPT,Circuit Royal,Escort,7,12,10,4818,20288,0,00:13:35,815
260619_T1_CR_S4,3,T1,ZEST,DPS,Circuit Royal,Escort,13,11,2,11175,732,6895,00:13:35,815
260619_T1_CR_S4,3,CR,CH0R0NG,SPT,Circuit Royal,Escort,30,5,36,7642,18792,3990,00:13:35,815
260619_T1_CR_S4,3,CR,HEESANG,DPS,Circuit Royal,Escort,31,4,16,13227,1873,6326,00:13:35,815
260619_T1_CR_S4,3,CR,MAX,TANK,Circuit Royal,Escort,37,5,11,19375,0,26655,00:13:35,815
260619_T1_CR_S4,3,CR,STALK3R,DPS,Circuit Royal,Escort,42,4,1,17846,70,372,00:13:35,815
260619_T1_CR_S4,3,CR,VIGILANTE,SPT,Circuit Royal,Escort,23,4,40,4107,19840,0,00:13:35,815
260620_PF_SB_S1,3,PF,CARU,SPT,Antarctic Peninsula,Control,11,13,14,2757,15411,0,00:14:58,898
260620_PF_SB_S1,3,PF,D0D0,DPS,Antarctic Peninsula,Control,20,15,2,10258,513,747,00:14:58,898
260620_PF_SB_S1,3,PF,FEARFUL,TANK,Antarctic Peninsula,Control,18,14,7,11936,3080,5682,00:14:58,898
260620_PF_SB_S1,3,PF,K4NE,DPS,Antarctic Peninsula,Control,20,12,0,15428,0,0,00:14:58,898
260620_PF_SB_S1,3,PF,SP1NEL,SPT,Antarctic Peninsula,Control,13,10,13,6005,7626,1747,00:14:58,898
260620_PF_SB_S1,3,SB,AZENT,DPS,Antarctic Peninsula,Control,41,8,18,13949,1034,5065,00:14:58,898
260620_PF_SB_S1,3,SB,SENTIER,TANK,Antarctic Peninsula,Control,42,4,7,17974,0,24171,00:14:58,898
260620_PF_SB_S1,3,SB,SOAE,SPT,Antarctic Peninsula,Control,27,6,39,6915,14682,2923,00:14:58,898
260620_PF_SB_S1,3,SB,SORI,DPS,Antarctic Peninsula,Control,34,9,0,11418,0,64,00:14:58,898
260620_PF_SB_S1,3,SB,UNIV2R,SPT,Antarctic Peninsula,Control,20,8,39,5156,15086,0,00:14:58,898
260620_PF_SB_S2,3,SB,AZENT,DPS,New Junk City,Flashpoint,15,12,2,9049,42,319,00:12:11,731
260620_PF_SB_S2,3,SB,HOMERUNBALL,TANK,New Junk City,Flashpoint,9,8,4,11908,340,16318,00:12:11,731
260620_PF_SB_S2,3,SB,SOAE,SPT,New Junk City,Flashpoint,14,8,14,7126,9830,3306,00:12:11,731
260620_PF_SB_S2,3,SB,SORI,DPS,New Junk City,Flashpoint,11,10,0,7705,75,217,00:12:11,731
260620_PF_SB_S2,3,SB,UNIV2R,SPT,New Junk City,Flashpoint,12,10,15,4446,9188,0,00:12:11,731
260620_PF_SB_S2,3,PF,CARU,SPT,New Junk City,Flashpoint,21,6,27,3355,8712,0,00:12:11,731
260620_PF_SB_S2,3,PF,D0D0,DPS,New Junk City,Flashpoint,25,5,4,9426,152,1363,00:12:11,731
260620_PF_SB_S2,3,PF,FEARFUL,TANK,New Junk City,Flashpoint,30,6,23,11630,2693,7820,00:12:11,731
260620_PF_SB_S2,3,PF,K4NE,DPS,New Junk City,Flashpoint,28,2,0,12242,0,0,00:12:11,731
260620_PF_SB_S2,3,PF,SP1NEL,SPT,New Junk City,Flashpoint,13,4,37,3303,13057,0,00:12:11,731
260620_PF_SB_S3,3,SB,AZENT,DPS,Hollywood,Hybrid,12,2,2,5646,0,0,00:05:35,335
260620_PF_SB_S3,3,SB,SENTIER,TANK,Hollywood,Hybrid,11,0,2,5377,275,10731,00:05:35,335
260620_PF_SB_S3,3,SB,SOAE,SPT,Hollywood,Hybrid,10,1,10,4323,6020,1203,00:05:35,335
260620_PF_SB_S3,3,SB,SORI,DPS,Hollywood,Hybrid,15,0,1,5009,25,94,00:05:35,335
260620_PF_SB_S3,3,SB,UNIV2R,SPT,Hollywood,Hybrid,5,0,16,2892,6444,0,00:05:35,335
260620_PF_SB_S3,3,PF,CARU,SPT,Hollywood,Hybrid,1,3,3,1046,9124,0,00:05:35,335
260620_PF_SB_S3,3,PF,D0D0,DPS,Hollywood,Hybrid,3,4,0,3218,147,1451,00:05:35,335
260620_PF_SB_S3,3,PF,FEARFUL,TANK,Hollywood,Hybrid,2,4,0,5093,66,9070,00:05:35,335
260620_PF_SB_S3,3,PF,K4NE,DPS,Hollywood,Hybrid,1,5,1,4138,41,79,00:05:35,335
260620_PF_SB_S3,3,PF,SP1NEL,SPT,Hollywood,Hybrid,1,5,2,1539,4001,591,00:05:35,335
260620_PF_SB_S4,3,SB,AZENT,DPS,Runasapi,Push,13,7,1,7457,0,0,00:11:55,715
260620_PF_SB_S4,3,SB,SENTIER,TANK,Runasapi,Push,17,5,4,11618,1087,17093,00:11:55,715
260620_PF_SB_S4,3,SB,SOAE,SPT,Runasapi,Push,9,6,18,5786,8334,2823,00:11:55,715
260620_PF_SB_S4,3,SB,SORI,DPS,Runasapi,Push,18,8,0,8692,0,156,00:11:55,715
260620_PF_SB_S4,3,SB,UNIV2R,SPT,Runasapi,Push,12,6,14,5014,10237,0,00:11:55,715
260620_PF_SB_S4,3,PF,CARU,SPT,Runasapi,Push,8,6,19,2707,11769,0,00:11:55,715
260620_PF_SB_S4,3,PF,D0D0,DPS,Runasapi,Push,17,9,3,8321,226,605,00:11:55,715
260620_PF_SB_S4,3,PF,FEARFUL,TANK,Runasapi,Push,15,6,4,8716,2103,4121,00:11:55,715
260620_PF_SB_S4,3,PF,K4NE,DPS,Runasapi,Push,23,4,0,13232,0,0,00:11:55,715
260620_PF_SB_S4,3,PF,SP1NEL,SPT,Runasapi,Push,11,5,15,5337,9403,1607,00:11:55,715
260620_PF_SB_S5,3,SB,AZENT,DPS,Circuit Royal,Escort,14,0,2,4824,558,1642,00:05:29,329
260620_PF_SB_S5,3,SB,HOMERUNBALL,TANK,Circuit Royal,Escort,13,0,2,8616,0,10865,00:05:29,329
260620_PF_SB_S5,3,SB,SOAE,SPT,Circuit Royal,Escort,11,1,11,3709,4405,0,00:05:29,329
260620_PF_SB_S5,3,SB,SORI,DPS,Circuit Royal,Escort,17,0,0,5710,0,0,00:05:29,329
260620_PF_SB_S5,3,SB,UNIV2R,SPT,Circuit Royal,Escort,5,0,16,1523,6941,0,00:05:29,329
260620_PF_SB_S5,3,PF,CARU,SPT,Circuit Royal,Escort,0,3,1,780,8543,0,00:05:29,329
260620_PF_SB_S5,3,PF,D0D0,DPS,Circuit Royal,Escort,0,7,0,2761,287,927,00:05:29,329
260620_PF_SB_S5,3,PF,FEARFUL,TANK,Circuit Royal,Escort,1,4,0,4505,0,12875,00:05:29,329
260620_PF_SB_S5,3,PF,K4NE,DPS,Circuit Royal,Escort,0,4,0,3726,0,25,00:05:29,329
260620_PF_SB_S5,3,PF,SP1NEL,SPT,Circuit Royal,Escort,1,2,0,2732,5869,714,00:05:29,329
260620_ZETA_ROZE_S1,3,ZETA,KNIFE,DPS,Ilios,Control,17,9,0,13673,1593,0,00:11:43,703
260620_ZETA_ROZE_S1,3,ZETA,MEALGARU,TANK,Ilios,Control,21,7,10,13589,2363,9606,00:11:43,703
260620_ZETA_ROZE_S1,3,ZETA,PROPER,DPS,Ilios,Control,18,4,1,14755,262,513,00:11:43,703
260620_ZETA_ROZE_S1,3,ZETA,SHU,SPT,Ilios,Control,16,6,20,7600,14933,0,00:11:43,703
260620_ZETA_ROZE_S1,3,ZETA,VIOL2T,SPT,Ilios,Control,13,6,10,8210,10660,2221,00:11:43,703
260620_ZETA_ROZE_S1,3,ROZE,BECKY,DPS,Ilios,Control,23,9,0,11043,1600,60,00:11:43,703
260620_ZETA_ROZE_S1,3,ROZE,HEISER,TANK,Ilios,Control,28,4,21,16975,4239,6156,00:11:43,703
260620_ZETA_ROZE_S1,3,ROZE,IRONY,SPT,Ilios,Control,15,3,28,6525,18611,0,00:11:43,703
260620_ZETA_ROZE_S1,3,ROZE,OPENER,SPT,Ilios,Control,19,6,19,6083,12523,2758,00:11:43,703
260620_ZETA_ROZE_S1,3,ROZE,PROBE,DPS,Ilios,Control,22,8,1,15179,75,401,00:11:43,703
260620_ZETA_ROZE_S2,3,ROZE,BECKY,DPS,New Junk City,Flashpoint,14,9,0,9374,1591,0,00:09:53,593
260620_ZETA_ROZE_S2,3,ROZE,HEISER,TANK,New Junk City,Flashpoint,10,6,6,12003,3767,7155,00:09:53,593
260620_ZETA_ROZE_S2,3,ROZE,IRONY,SPT,New Junk City,Flashpoint,8,9,13,5851,16011,0,00:09:53,593
260620_ZETA_ROZE_S2,3,ROZE,OPENER,SPT,New Junk City,Flashpoint,12,9,12,4502,8676,2326,00:09:53,593
260620_ZETA_ROZE_S2,3,ROZE,PROBE,DPS,New Junk City,Flashpoint,13,9,2,12544,0,618,00:09:53,593
260620_ZETA_ROZE_S2,3,ZETA,BERNAR,TANK,New Junk City,Flashpoint,34,5,12,12335,2845,6947,00:09:53,593
260620_ZETA_ROZE_S2,3,ZETA,KNIFE,DPS,New Junk City,Flashpoint,33,3,0,13422,1448,0,00:09:53,593
260620_ZETA_ROZE_S2,3,ZETA,PROPER,DPS,New Junk City,Flashpoint,28,3,0,14211,75,506,00:09:53,593
260620_ZETA_ROZE_S2,3,ZETA,SHU,SPT,New Junk City,Flashpoint,15,4,36,5563,17102,0,00:09:53,593
260620_ZETA_ROZE_S2,3,ZETA,VIOL2T,SPT,New Junk City,Flashpoint,24,3,26,6922,8202,2047,00:09:53,593
260620_ZETA_ROZE_S3,3,ROZE,BECKY,DPS,Runasapi,Push,15,2,0,6885,1176,0,00:05:17,317
260620_ZETA_ROZE_S3,3,ROZE,HEISER,TANK,Runasapi,Push,17,0,9,7084,1589,3739,00:05:17,317
260620_ZETA_ROZE_S3,3,ROZE,IRONY,SPT,Runasapi,Push,10,2,19,2160,9988,0,00:05:17,317
260620_ZETA_ROZE_S3,3,ROZE,OPENER,SPT,Runasapi,Push,15,3,13,3008,5345,1139,00:05:17,317
260620_ZETA_ROZE_S3,3,ROZE,PROBE,DPS,Runasapi,Push,15,1,2,7451,49,357,00:05:17,317
260620_ZETA_ROZE_S3,3,ZETA,BERNAR,TANK,Runasapi,Push,6,6,4,5870,1308,4421,00:05:17,317
260620_ZETA_ROZE_S3,3,ZETA,KNIFE,DPS,Runasapi,Push,8,4,0,7008,1027,0,00:05:17,317
260620_ZETA_ROZE_S3,3,ZETA,PROPER,DPS,Runasapi,Push,5,4,1,6181,0,351,00:05:17,317
260620_ZETA_ROZE_S3,3,ZETA,SHU,SPT,Runasapi,Push,1,4,3,2394,7855,0,00:05:17,317
260620_ZETA_ROZE_S3,3,ZETA,VIOL2T,SPT,Runasapi,Push,3,4,3,2960,4067,1113,00:05:17,317
260620_ZETA_ROZE_S4,3,ROZE,BECKY,DPS,Dorado,Escort,13,9,0,11341,462,65,00:14:50,890
260620_ZETA_ROZE_S4,3,ROZE,HEISER,TANK,Dorado,Escort,17,12,9,10477,2275,15522,00:14:50,890
260620_ZETA_ROZE_S4,3,ROZE,IRONY,SPT,Dorado,Escort,10,13,12,5577,9922,66,00:14:50,890
260620_ZETA_ROZE_S4,3,ROZE,OPENER,SPT,Dorado,Escort,6,12,12,3202,8418,348,00:14:50,890
260620_ZETA_ROZE_S4,3,ROZE,PROBE,DPS,Dorado,Escort,16,11,1,18273,193,622,00:14:50,890
260620_ZETA_ROZE_S4,3,ZETA,KNIFE,DPS,Dorado,Escort,31,6,8,14522,1419,2078,00:14:50,890
260620_ZETA_ROZE_S4,3,ZETA,MEALGARU,TANK,Dorado,Escort,28,3,6,10085,2383,8353,00:14:50,890
260620_ZETA_ROZE_S4,3,ZETA,PROPER,DPS,Dorado,Escort,36,5,0,14698,168,307,00:14:50,890
260620_ZETA_ROZE_S4,3,ZETA,SHU,SPT,Dorado,Escort,22,9,21,7330,8897,416,00:14:50,890
260620_ZETA_ROZE_S4,3,ZETA,VIOL2T,SPT,Dorado,Escort,27,6,18,5530,10789,0,00:14:50,890
260620_ZETA_ROZE_S5,3,ROZE,BECKY,DPS,King's Row,Hybrid,31,12,6,17222,1880,4466,00:17:24,1044
260620_ZETA_ROZE_S5,3,ROZE,HEISER,TANK,King's Row,Hybrid,26,12,5,14483,1976,28842,00:17:24,1044
260620_ZETA_ROZE_S5,3,ROZE,IRONY,SPT,King's Row,Hybrid,18,11,28,5328,21579,612,00:17:24,1044
260620_ZETA_ROZE_S5,3,ROZE,OPENER,SPT,King's Row,Hybrid,24,11,24,5700,10594,2312,00:17:24,1044
260620_ZETA_ROZE_S5,3,ROZE,PROBE,DPS,King's Row,Hybrid,35,13,3,17422,222,1022,00:17:24,1044
260620_ZETA_ROZE_S5,3,ZETA,BERNAR,TANK,King's Row,Hybrid,37,7,11,18055,0,28999,00:17:24,1044
260620_ZETA_ROZE_S5,3,ZETA,KNIFE,DPS,King's Row,Hybrid,39,10,14,14082,1640,5780,00:17:24,1044
260620_ZETA_ROZE_S5,3,ZETA,PROPER,DPS,King's Row,Hybrid,38,11,7,17742,304,745,00:17:24,1044
260620_ZETA_ROZE_S5,3,ZETA,SHU,SPT,King's Row,Hybrid,24,9,35,7156,19565,540,00:17:24,1044
260620_ZETA_ROZE_S5,3,ZETA,VIOL2T,SPT,King's Row,Hybrid,29,12,28,9593,16119,770,00:17:24,1044
260620_CB_T1_S1,3,CB,ARGON,DPS,Oasis,Control,18,8,7,7921,1138,4002,00:11:07,667
260620_CB_T1_S1,3,CB,GUR3UM,TANK,Oasis,Control,17,8,3,10458,268,17906,00:11:07,667
260620_CB_T1_S1,3,CB,M1NUT2,DPS,Oasis,Control,16,7,2,13460,0,840,00:11:07,667
260620_CB_T1_S1,3,CB,TENTEN,SPT,Oasis,Control,10,5,12,2640,8500,600,00:11:07,667
260620_CB_T1_S1,3,CB,WOOCHAN,SPT,Oasis,Control,8,2,18,5078,14842,0,00:11:07,667
260620_CB_T1_S1,3,T1,BLISS,SPT,Oasis,Control,16,5,22,4699,13194,2730,00:11:07,667
260620_CB_T1_S1,3,T1,JASM1NE,TANK,Oasis,Control,17,5,5,9283,0,17926,00:11:07,667
260620_CB_T1_S1,3,T1,PROUD,DPS,Oasis,Control,16,7,3,12390,0,433,00:11:07,667
260620_CB_T1_S1,3,T1,SKEWED,SPT,Oasis,Control,13,3,25,4268,14806,0,00:11:07,667
260620_CB_T1_S1,3,T1,ZEST,DPS,Oasis,Control,24,5,1,9397,711,3548,00:11:07,667
260620_CB_T1_S2,3,T1,BLISS,SPT,Rialto,Escort,6,2,4,3376,2024,149,00:06:11,371
260620_CB_T1_S2,3,T1,JASM1NE,TANK,Rialto,Escort,10,0,1,4862,0,10828,00:06:11,371
260620_CB_T1_S2,3,T1,PROUD,DPS,Rialto,Escort,5,1,2,2916,0,0,00:06:11,371
260620_CB_T1_S2,3,T1,SKEWED,SPT,Rialto,Escort,9,0,6,3579,6233,0,00:06:11,371
260620_CB_T1_S2,3,T1,ZEST,DPS,Rialto,Escort,10,2,0,5069,0,0,00:06:11,371
260620_CB_T1_S2,3,CB,ARGON,DPS,Rialto,Escort,2,5,0,2547,89,115,00:06:11,371
260620_CB_T1_S2,3,CB,GUR3UM,TANK,Rialto,Escort,2,4,0,3225,936,9475,00:06:11,371
260620_CB_T1_S2,3,CB,M1NUT2,DPS,Rialto,Escort,3,5,0,2210,0,0,00:06:11,371
260620_CB_T1_S2,3,CB,TENTEN,SPT,Rialto,Escort,1,3,2,3730,3566,400,00:06:11,371
260620_CB_T1_S2,3,CB,WOOCHAN,SPT,Rialto,Escort,1,4,1,1440,4977,0,00:06:11,371
260620_CB_T1_S3,3,CB,ARGON,DPS,Suravasa,Flashpoint,14,7,0,7776,1061,0,00:10:01,601
260620_CB_T1_S3,3,CB,FARMER,TANK,Suravasa,Flashpoint,13,7,8,8008,1778,3891,00:10:01,601
260620_CB_T1_S3,3,CB,M1NUT2,DPS,Suravasa,Flashpoint,8,10,1,9563,2,1228,00:10:01,601
260620_CB_T1_S3,3,CB,TENTEN,SPT,Suravasa,Flashpoint,7,8,11,2327,7863,0,00:10:01,601
260620_CB_T1_S3,3,CB,WOOCHAN,SPT,Suravasa,Flashpoint,4,9,4,4829,4318,1729,00:10:01,601
260620_CB_T1_S3,3,T1,BLISS,SPT,Suravasa,Flashpoint,17,3,20,2311,7734,0,00:10:01,601
260620_CB_T1_S3,3,T1,DONGHAK,TANK,Suravasa,Flashpoint,28,4,11,9386,2237,4552,00:10:01,601
260620_CB_T1_S3,3,T1,PROUD,DPS,Suravasa,Flashpoint,22,6,1,12361,313,1797,00:10:01,601
260620_CB_T1_S3,3,T1,SKEWED,SPT,Suravasa,Flashpoint,10,6,11,4855,3293,997,00:10:01,601
260620_CB_T1_S3,3,T1,ZEST,DPS,Suravasa,Flashpoint,32,2,0,8333,83,0,00:10:01,601
260621_FLC_SB_S1,3,FLC,CHIYO,SPT,Oasis,Control,14,1,15,3506,7114,0,00:09:04,544
260621_FLC_SB_S1,3,FLC,FIELDER,SPT,Oasis,Control,10,3,27,4429,9298,0,00:09:04,544
260621_FLC_SB_S1,3,FLC,HANBIN,TANK,Oasis,Control,26,2,15,8885,2436,12483,00:09:04,544
260621_FLC_SB_S1,3,FLC,MER1T,DPS,Oasis,Control,20,6,2,9719,215,788,00:09:04,544
260621_FLC_SB_S1,3,FLC,SP1NT,DPS,Oasis,Control,21,3,7,7692,56,0,00:09:04,544
260621_FLC_SB_S1,3,SB,AZENT,DPS,Oasis,Control,7,6,0,5679,0,0,00:09:04,544
260621_FLC_SB_S1,3,SB,SENTIER,TANK,Oasis,Control,9,6,5,7913,1370,15581,00:09:04,544
260621_FLC_SB_S1,3,SB,SOAE,SPT,Oasis,Control,8,9,8,4290,7305,2670,00:09:04,544
260621_FLC_SB_S1,3,SB,SORI,DPS,Oasis,Control,9,9,1,7384,579,815,00:09:04,544
260621_FLC_SB_S1,3,SB,UNIV2R,SPT,Oasis,Control,1,9,6,2348,7585,0,00:09:04,544
260621_FLC_SB_S2,3,SB,AZENT,DPS,New Junk City,Flashpoint,3,5,0,4185,47,309,00:06:08,368
260621_FLC_SB_S2,3,SB,DUMBBELL,SPT,New Junk City,Flashpoint,1,3,1,2131,2547,660,00:06:08,368
260621_FLC_SB_S2,3,SB,HOMERUNBALL,TANK,New Junk City,Flashpoint,0,6,0,2855,677,3584,00:06:08,368
260621_FLC_SB_S2,3,SB,SORI,DPS,New Junk City,Flashpoint,2,6,0,3729,0,0,00:06:08,368
260621_FLC_SB_S2,3,SB,UNIV2R,SPT,New Junk City,Flashpoint,1,7,2,3032,5643,0,00:06:08,368
260621_FLC_SB_S2,3,FLC,CHECKMATE,DPS,New Junk City,Flashpoint,14,0,6,4246,312,3352,00:06:08,368
260621_FLC_SB_S2,3,FLC,CHIYO,SPT,New Junk City,Flashpoint,11,1,12,1826,6892,0,00:06:08,368
260621_FLC_SB_S2,3,FLC,FIELDER,SPT,New Junk City,Flashpoint,15,1,15,2744,6585,0,00:06:08,368
260621_FLC_SB_S2,3,FLC,MER1T,DPS,New Junk City,Flashpoint,19,1,0,7601,0,0,00:06:08,368
260621_FLC_SB_S2,3,FLC,SOMEONE,TANK,New Junk City,Flashpoint,9,0,2,5132,0,11863,00:06:08,368
260621_FLC_SB_S3,3,SB,AZENT,DPS,Hollywood,Hybrid,11,9,3,8575,1968,3556,00:11:31,691
260621_FLC_SB_S3,3,SB,SENTIER,TANK,Hollywood,Hybrid,15,7,3,10535,364,19183,00:11:31,691
260621_FLC_SB_S3,3,SB,SOAE,SPT,Hollywood,Hybrid,4,8,14,3715,13482,0,00:11:31,691
260621_FLC_SB_S3,3,SB,SORI,DPS,Hollywood,Hybrid,11,8,0,10196,0,0,00:11:31,691
260621_FLC_SB_S3,3,SB,UNIV2R,SPT,Hollywood,Hybrid,10,9,8,9072,7076,1275,00:11:31,691
260621_FLC_SB_S3,3,FLC,CHECKMATE,DPS,Hollywood,Hybrid,26,5,2,8972,557,2216,00:11:31,691
260621_FLC_SB_S3,3,FLC,CHIYO,SPT,Hollywood,Hybrid,13,4,17,3547,12634,0,00:11:31,691
260621_FLC_SB_S3,3,FLC,FIELDER,SPT,Hollywood,Hybrid,13,5,28,5375,13188,0,00:11:31,691
260621_FLC_SB_S3,3,FLC,MER1T,DPS,Hollywood,Hybrid,23,5,1,11536,22,460,00:11:31,691
260621_FLC_SB_S3,3,FLC,SOMEONE,TANK,Hollywood,Hybrid,25,3,2,15056,970,11291,00:11:31,691
260621_O2_CR_S1,3,O2,FAITH,SPT,Oasis,Control,12,3,22,3543,5847,1894,00:07:56,476
260621_O2_CR_S1,3,O2,MISIN,SPT,Oasis,Control,11,5,27,4761,12365,0,00:07:56,476
260621_O2_CR_S1,3,O2,PERR,DPS,Oasis,Control,26,2,3,10041,150,257,00:07:56,476
260621_O2_CR_S1,3,O2,SEUNGAN,TANK,Oasis,Control,20,5,16,9441,2174,4169,00:07:56,476
260621_O2_CR_S1,3,O2,WUTIAN,DPS,Oasis,Control,24,5,0,9620,1589,0,00:07:56,476
260621_O2_CR_S1,3,CR,CH0R0NG,SPT,Oasis,Control,9,7,9,5079,5475,971,00:07:56,476
260621_O2_CR_S1,3,CR,HEESANG,DPS,Oasis,Control,11,8,0,9369,979,0,00:07:56,476
260621_O2_CR_S1,3,CR,LIP,DPS,Oasis,Control,12,9,1,7951,40,231,00:07:56,476
260621_O2_CR_S1,3,CR,MAX,TANK,Oasis,Control,15,6,7,11085,1684,8227,00:07:56,476
260621_O2_CR_S1,3,CR,VIGILANTE,SPT,Oasis,Control,9,7,14,3572,11212,0,00:07:56,476
260621_O2_CR_S2,3,O2,FAITH,SPT,Circuit Royal,Escort,5,7,4,4426,6977,532,00:09:00,540
260621_O2_CR_S2,3,O2,MISIN,SPT,Circuit Royal,Escort,4,7,6,3913,14499,37,00:09:00,540
260621_O2_CR_S2,3,O2,PERR,DPS,Circuit Royal,Escort,7,10,1,6761,0,92,00:09:00,540
260621_O2_CR_S2,3,O2,SEUNGAN,TANK,Circuit Royal,Escort,7,8,1,9087,94,18237,00:09:00,540
260621_O2_CR_S2,3,O2,WUTIAN,DPS,Circuit Royal,Escort,6,8,2,7335,1214,2311,00:09:00,540
260621_O2_CR_S2,3,CR,CH0R0NG,SPT,Circuit Royal,Escort,22,4,17,4241,8895,0,00:09:00,540
260621_O2_CR_S2,3,CR,HEESANG,DPS,Circuit Royal,Escort,22,2,12,7719,1067,1670,00:09:00,540
260621_O2_CR_S2,3,CR,LIP,DPS,Circuit Royal,Escort,29,2,1,10769,38,218,00:09:00,540
260621_O2_CR_S2,3,CR,MAX,TANK,Circuit Royal,Escort,29,1,6,14636,0,19772,00:09:00,540
260621_O2_CR_S2,3,CR,VIGILANTE,SPT,Circuit Royal,Escort,16,1,19,3629,14145,282,00:09:00,540
260621_O2_CR_S3,3,CR,CH0R0NG,SPT,New Junk City,Flashpoint,21,2,22,4530,3704,1029,00:06:27,387
260621_O2_CR_S3,3,CR,HEESANG,DPS,New Junk City,Flashpoint,17,5,0,6643,750,0,00:06:27,387
260621_O2_CR_S3,3,CR,LIP,DPS,New Junk City,Flashpoint,25,2,0,8213,0,0,00:06:27,387
260621_O2_CR_S3,3,CR,MAX,TANK,New Junk City,Flashpoint,23,4,14,8451,1489,2317,00:06:27,387
260621_O2_CR_S3,3,CR,VIGILANTE,SPT,New Junk City,Flashpoint,16,2,26,4007,8611,0,00:06:27,387
260621_O2_CR_S3,3,O2,FAITH,SPT,New Junk City,Flashpoint,8,6,8,2995,3746,1899,00:06:27,387
260621_O2_CR_S3,3,O2,MISIN,SPT,New Junk City,Flashpoint,10,5,11,3466,8651,0,00:06:27,387
260621_O2_CR_S3,3,O2,PERR,DPS,New Junk City,Flashpoint,11,7,2,4560,30,250,00:06:27,387
260621_O2_CR_S3,3,O2,SEUNGAN,TANK,New Junk City,Flashpoint,7,6,4,7374,2156,4842,00:06:27,387
260621_O2_CR_S3,3,O2,WUTIAN,DPS,New Junk City,Flashpoint,12,7,0,6743,999,0,00:06:27,387
260621_O2_CR_S4,3,O2,FAITH,SPT,New Queen Street,Push,6,6,8,2846,6116,5043,00:06:51,411
260621_O2_CR_S4,3,O2,FATE,TANK,New Queen Street,Push,8,7,4,6366,1204,4136,00:06:51,411
260621_O2_CR_S4,3,O2,MISIN,SPT,New Queen Street,Push,4,8,4,2136,7046,0,00:06:51,411
260621_O2_CR_S4,3,O2,PERR,DPS,New Queen Street,Push,5,5,0,5784,0,0,00:06:51,411
260621_O2_CR_S4,3,O2,WUTIAN,DPS,New Queen Street,Push,8,6,2,6618,0,443,00:06:51,411
260621_O2_CR_S4,3,CR,CH0R0NG,SPT,New Queen Street,Push,16,3,16,2802,6394,0,00:06:51,411
260621_O2_CR_S4,3,CR,HEESANG,DPS,New Queen Street,Push,18,3,3,9012,345,843,00:06:51,411
260621_O2_CR_S4,3,CR,LIP,DPS,New Queen Street,Push,18,5,1,8632,0,174,00:06:51,411
260621_O2_CR_S4,3,CR,MAX,TANK,New Queen Street,Push,26,1,14,6131,1345,10597,00:06:51,411
260621_O2_CR_S4,3,CR,VIGILANTE,SPT,New Queen Street,Push,8,0,23,3254,9864,0,00:06:51,411
260621_ZETA_PF_S1,3,ZETA,KNIFE,DPS,Ilios,Control,11,6,2,9271,85,183,00:08:53,533
260621_ZETA_PF_S1,3,ZETA,MEALGARU,TANK,Ilios,Control,17,2,4,7759,1601,4951,00:08:53,533
260621_ZETA_PF_S1,3,ZETA,PROPER,DPS,Ilios,Control,15,6,2,10390,0,321,00:08:53,533
260621_ZETA_PF_S1,3,ZETA,SHU,SPT,Ilios,Control,4,5,14,3462,6204,0,00:08:53,533
260621_ZETA_PF_S1,3,ZETA,VIOL2T,SPT,Ilios,Control,14,4,13,4388,7364,0,00:08:53,533
260621_ZETA_PF_S1,3,PF,CARU,SPT,Ilios,Control,4,4,12,3325,8342,0,00:08:53,533
260621_ZETA_PF_S1,3,PF,D0D0,DPS,Ilios,Control,15,5,0,7428,1049,299,00:08:53,533
260621_ZETA_PF_S1,3,PF,FEARFUL,TANK,Ilios,Control,14,4,4,7207,1744,4931,00:08:53,533
260621_ZETA_PF_S1,3,PF,K4NE,DPS,Ilios,Control,10,6,1,8784,158,494,00:08:53,533
260621_ZETA_PF_S1,3,PF,SP1NEL,SPT,Ilios,Control,5,7,6,3077,3908,1143,00:08:53,533
260621_ZETA_PF_S2,3,PF,CARU,SPT,New Junk City,Flashpoint,4,8,17,2841,7421,0,00:09:17,557
260621_ZETA_PF_S2,3,PF,D0D0,DPS,New Junk City,Flashpoint,13,9,0,5766,905,765,00:09:17,557
260621_ZETA_PF_S2,3,PF,FEARFUL,TANK,New Junk City,Flashpoint,17,7,2,8525,2353,5396,00:09:17,557
260621_ZETA_PF_S2,3,PF,K4NE,DPS,New Junk City,Flashpoint,18,9,0,10355,0,0,00:09:17,557
260621_ZETA_PF_S2,3,PF,SP1NEL,SPT,New Junk City,Flashpoint,7,7,8,3843,5808,1169,00:09:17,557
260621_ZETA_PF_S2,3,ZETA,BERNAR,TANK,New Junk City,Flashpoint,29,3,5,9221,2247,6228,00:09:17,557
260621_ZETA_PF_S2,3,ZETA,KNIFE,DPS,New Junk City,Flashpoint,18,6,0,7429,1129,0,00:09:17,557
260621_ZETA_PF_S2,3,ZETA,PROPER,DPS,New Junk City,Flashpoint,29,5,3,8975,75,539,00:09:17,557
260621_ZETA_PF_S2,3,ZETA,SHU,SPT,New Junk City,Flashpoint,14,5,30,4360,11228,0,00:09:17,557
260621_ZETA_PF_S2,3,ZETA,VIOL2T,SPT,New Junk City,Flashpoint,13,9,13,3060,4644,853,00:09:17,557
260621_ZETA_PF_S3,3,PF,CARU,SPT,Runasapi,Push,2,7,7,1734,5122,0,00:05:47,347
260621_ZETA_PF_S3,3,PF,D0D0,DPS,Runasapi,Push,3,6,0,2855,75,161,00:05:47,347
260621_ZETA_PF_S3,3,PF,HYEON,TANK,Runasapi,Push,6,8,3,4787,987,2960,00:05:47,347
260621_ZETA_PF_S3,3,PF,K4NE,DPS,Runasapi,Push,8,6,0,5684,0,0,00:05:47,347
260621_ZETA_PF_S3,3,PF,SP1NEL,SPT,Runasapi,Push,4,6,5,1326,3158,701,00:05:47,347
260621_ZETA_PF_S3,3,ZETA,BERNAR,TANK,Runasapi,Push,24,2,6,5296,1180,3889,00:05:47,347
260621_ZETA_PF_S3,3,ZETA,KNIFE,DPS,Runasapi,Push,24,1,0,5543,834,0,00:05:47,347
260621_ZETA_PF_S3,3,ZETA,PROPER,DPS,Runasapi,Push,25,0,1,7401,0,245,00:05:47,347
260621_ZETA_PF_S3,3,ZETA,SHU,SPT,Runasapi,Push,11,2,28,2246,6583,0,00:05:47,347
260621_ZETA_PF_S3,3,ZETA,VIOL2T,SPT,Runasapi,Push,16,4,17,2727,2754,1086,00:05:47,347
260626_CB_O2_S1,4,CB,ARGON,DPS,Antarctic Peninsula,Control,26,7,0,16694,2408,0,00:11:18,678
260626_CB_O2_S1,4,CB,GUR3UM,TANK,Antarctic Peninsula,Control,24,9,15,17799,4725,9927,00:11:18,678
260626_CB_O2_S1,4,CB,M1NUT2,DPS,Antarctic Peninsula,Control,23,8,2,13842,53,583,00:11:18,678
260626_CB_O2_S1,4,CB,TENTEN,SPT,Antarctic Peninsula,Control,13,10,13,5915,9261,1478,00:11:18,678
260626_CB_O2_S1,4,CB,WOOCHAN,SPT,Antarctic Peninsula,Control,15,7,25,7162,19573,0,00:11:18,678
260626_CB_O2_S1,4,O2,FAITH,SPT,Antarctic Peninsula,Control,24,7,22,6497,10324,2337,00:11:18,678
260626_CB_O2_S1,4,O2,FATE,TANK,Antarctic Peninsula,Control,34,9,20,17468,4174,6792,00:11:18,678
260626_CB_O2_S1,4,O2,GAMJUNG,SPT,Antarctic Peninsula,Control,22,4,33,8266,22785,0,00:11:18,678
260626_CB_O2_S1,4,O2,PERR,DPS,Antarctic Peninsula,Control,29,3,7,14652,0,383,00:11:18,678
260626_CB_O2_S1,4,O2,WUTIAN,DPS,Antarctic Peninsula,Control,29,8,0,12656,1942,0,00:11:18,678
260626_CB_O2_S2,4,CB,ARGON,DPS,King's Row,Hybrid,20,9,2,8848,553,2098,00:15:22,922
260626_CB_O2_S2,4,CB,GUR3UM,TANK,King's Row,Hybrid,11,8,1,15673,0,33071,00:15:22,922
260626_CB_O2_S2,4,CB,M1NUT2,DPS,King's Row,Hybrid,16,13,1,9397,0,310,00:15:22,922
260626_CB_O2_S2,4,CB,TENTEN,SPT,King's Row,Hybrid,21,4,14,14730,10275,1122,00:15:22,922
260626_CB_O2_S2,4,CB,WOOCHAN,SPT,King's Row,Hybrid,8,10,12,3556,20113,0,00:15:22,922
260626_CB_O2_S2,4,O2,FAITH,SPT,King's Row,Hybrid,28,4,19,10147,10406,1442,00:15:22,922
260626_CB_O2_S2,4,O2,GAMJUNG,SPT,King's Row,Hybrid,12,5,33,4771,21653,0,00:15:22,922
260626_CB_O2_S2,4,O2,PERR,DPS,King's Row,Hybrid,21,9,0,11446,0,129,00:15:22,922
260626_CB_O2_S2,4,O2,SEUNGAN,TANK,King's Row,Hybrid,26,5,5,15639,0,33729,00:15:22,922
260626_CB_O2_S2,4,O2,WUTIAN,DPS,King's Row,Hybrid,27,8,5,13866,349,1374,00:15:22,922
260626_CB_O2_S3,4,CB,ARGON,DPS,Runasapi,Push,19,3,0,8925,1677,0,00:07:18,438
260626_CB_O2_S3,4,CB,GUR3UM,TANK,Runasapi,Push,18,1,13,11754,2945,5811,00:07:18,438
260626_CB_O2_S3,4,CB,M1NUT2,DPS,Runasapi,Push,20,2,2,8964,24,208,00:07:18,438
260626_CB_O2_S3,4,CB,TENTEN,SPT,Runasapi,Push,17,3,15,4097,6845,2098,00:07:18,438
260626_CB_O2_S3,4,CB,WOOCHAN,SPT,Runasapi,Push,14,1,18,5073,12646,0,00:07:18,438
260626_CB_O2_S3,4,O2,FAITH,SPT,Runasapi,Push,9,3,7,4490,7265,2253,00:07:18,438
260626_CB_O2_S3,4,O2,FATE,TANK,Runasapi,Push,9,5,7,10695,2630,5307,00:07:18,438
260626_CB_O2_S3,4,O2,GAMJUNG,SPT,Runasapi,Push,8,3,8,5043,13263,0,00:07:18,438
260626_CB_O2_S3,4,O2,PERR,DPS,Runasapi,Push,8,5,1,8656,75,208,00:07:18,438
260626_CB_O2_S3,4,O2,WUTIAN,DPS,Runasapi,Push,4,7,0,5575,617,85,00:07:18,438
260626_CB_O2_S4,4,O2,FAITH,SPT,New Junk City,Flashpoint,20,4,23,6398,9202,2139,00:11:50,710
260626_CB_O2_S4,4,O2,FATE,TANK,New Junk City,Flashpoint,26,6,19,16141,4279,9238,00:11:50,710
260626_CB_O2_S4,4,O2,GAMJUNG,SPT,New Junk City,Flashpoint,17,4,34,7192,17014,0,00:11:50,710
260626_CB_O2_S4,4,O2,PERR,DPS,New Junk City,Flashpoint,29,4,5,12122,75,313,00:11:50,710
260626_CB_O2_S4,4,O2,WUTIAN,DPS,New Junk City,Flashpoint,31,5,0,13650,2258,0,00:11:50,710
260626_CB_O2_S4,4,CB,ARGON,DPS,New Junk City,Flashpoint,16,9,0,12357,2006,0,00:11:50,710
260626_CB_O2_S4,4,CB,GUR3UM,TANK,New Junk City,Flashpoint,21,8,7,16319,4561,8065,00:11:50,710
260626_CB_O2_S4,4,CB,M1NUT2,DPS,New Junk City,Flashpoint,13,8,0,9935,263,471,00:11:50,710
260626_CB_O2_S4,4,CB,TENTEN,SPT,New Junk City,Flashpoint,11,8,20,5438,9130,2940,00:11:50,710
260626_CB_O2_S4,4,CB,WOOCHAN,SPT,New Junk City,Flashpoint,11,8,17,6050,15732,0,00:11:50,710
260626_ZETA_FLC_S1,4,ZETA,BERNAR,TANK,Oasis,Control,27,3,14,8249,2008,13352,00:08:36,516
260626_ZETA_FLC_S1,4,ZETA,KNIFE,DPS,Oasis,Control,24,3,2,12238,195,844,00:08:36,516
260626_ZETA_FLC_S1,4,ZETA,PROPER,DPS,Oasis,Control,17,6,0,7897,0,449,00:08:36,516
260626_ZETA_FLC_S1,4,ZETA,SHU,SPT,Oasis,Control,14,4,20,3815,8916,0,00:08:36,516
260626_ZETA_FLC_S1,4,ZETA,VIOL2T,SPT,Oasis,Control,26,3,16,3845,9753,0,00:08:36,516
260626_ZETA_FLC_S1,4,FLC,CHIYO,SPT,Oasis,Control,9,7,6,2564,8342,0,00:08:36,516
260626_ZETA_FLC_S1,4,FLC,FIELDER,SPT,Oasis,Control,6,8,9,3774,6237,0,00:08:36,516
260626_ZETA_FLC_S1,4,FLC,HANBIN,TANK,Oasis,Control,11,8,7,5978,1389,15919,00:08:36,516
260626_ZETA_FLC_S1,4,FLC,MER1T,DPS,Oasis,Control,12,8,2,11398,4,1250,00:08:36,516
260626_ZETA_FLC_S1,4,FLC,SP1NT,DPS,Oasis,Control,10,9,2,8446,382,584,00:08:36,516
260626_ZETA_FLC_S2,4,FLC,CHIYO,SPT,New Junk City,Flashpoint,6,11,6,4519,6964,2426,00:10:07,607
260626_ZETA_FLC_S2,4,FLC,FIELDER,SPT,New Junk City,Flashpoint,13,11,13,5917,10088,0,00:10:07,607
260626_ZETA_FLC_S2,4,FLC,HANBIN,TANK,New Junk City,Flashpoint,12,11,11,11260,3166,7702,00:10:07,607
260626_ZETA_FLC_S2,4,FLC,MER1T,DPS,New Junk City,Flashpoint,14,10,3,10733,75,734,00:10:07,607
260626_ZETA_FLC_S2,4,FLC,SP1NT,DPS,New Junk City,Flashpoint,8,11,1,6403,712,78,00:10:07,607
260626_ZETA_FLC_S2,4,ZETA,BERNAR,TANK,New Junk City,Flashpoint,35,4,23,14197,3588,5015,00:10:07,607
260626_ZETA_FLC_S2,4,ZETA,KNIFE,DPS,New Junk City,Flashpoint,36,5,0,11204,1713,0,00:10:07,607
260626_ZETA_FLC_S2,4,ZETA,PROPER,DPS,New Junk City,Flashpoint,29,4,4,11584,0,433,00:10:07,607
260626_ZETA_FLC_S2,4,ZETA,SHU,SPT,New Junk City,Flashpoint,25,3,43,4917,12968,0,00:10:07,607
260626_ZETA_FLC_S2,4,ZETA,VIOL2T,SPT,New Junk City,Flashpoint,34,4,21,6437,7478,175,00:10:07,607
260626_ZETA_FLC_S3,4,FLC,CHECKMATE,DPS,Circuit Royal,Escort,29,14,7,16613,1582,11617,00:16:59,1019
260626_ZETA_FLC_S3,4,FLC,CHIYO,SPT,Circuit Royal,Escort,19,14,23,6983,16839,0,00:16:59,1019
260626_ZETA_FLC_S3,4,FLC,FIELDER,SPT,Circuit Royal,Escort,16,15,23,7474,16236,0,00:16:59,1019
260626_ZETA_FLC_S3,4,FLC,MER1T,DPS,Circuit Royal,Escort,26,18,0,18943,0,496,00:16:59,1019
260626_ZETA_FLC_S3,4,FLC,SOMEONE,TANK,Circuit Royal,Escort,27,12,10,17011,1767,29618,00:16:59,1019
260626_ZETA_FLC_S3,4,ZETA,BERNAR,TANK,Circuit Royal,Escort,47,8,14,18825,1274,20507,00:16:59,1019
260626_ZETA_FLC_S3,4,ZETA,KNIFE,DPS,Circuit Royal,Escort,45,10,5,19629,539,989,00:16:59,1019
260626_ZETA_FLC_S3,4,ZETA,PROPER,DPS,Circuit Royal,Escort,40,8,11,14346,3008,4504,00:16:59,1019
260626_ZETA_FLC_S3,4,ZETA,SHU,SPT,Circuit Royal,Escort,22,9,50,8206,22822,0,00:16:59,1019
260626_ZETA_FLC_S3,4,ZETA,VIOL2T,SPT,Circuit Royal,Escort,25,11,24,5358,15983,0,00:16:59,1019
260626_SB_ROZE_S1,4,SB,AZENT,DPS,Antarctic Peninsula,Control,23,11,0,13866,1843,0,00:13:23,803
260626_SB_ROZE_S1,4,SB,SENTIER,TANK,Antarctic Peninsula,Control,27,7,3,20318,0,25093,00:13:23,803
260626_SB_ROZE_S1,4,SB,SOAE,SPT,Antarctic Peninsula,Control,23,8,22,4075,15412,0,00:13:23,803
260626_SB_ROZE_S1,4,SB,SORI,DPS,Antarctic Peninsula,Control,19,12,1,12519,107,531,00:13:23,803
260626_SB_ROZE_S1,4,SB,UNIV2R,SPT,Antarctic Peninsula,Control,14,8,24,5016,18420,0,00:13:23,803
260626_SB_ROZE_S1,4,ROZE,BECKY,DPS,Antarctic Peninsula,Control,21,10,2,11100,780,2084,00:13:23,803
260626_SB_ROZE_S1,4,ROZE,HEISER,TANK,Antarctic Peninsula,Control,22,8,18,14659,2889,6402,00:13:23,803
260626_SB_ROZE_S1,4,ROZE,IRONY,SPT,Antarctic Peninsula,Control,21,5,23,5055,18247,0,00:13:23,803
260626_SB_ROZE_S1,4,ROZE,OPENER,SPT,Antarctic Peninsula,Control,25,6,23,6977,10704,6236,00:13:23,803
260626_SB_ROZE_S1,4,ROZE,PROBE,DPS,Antarctic Peninsula,Control,33,8,5,18423,100,621,00:13:23,803
260626_SB_ROZE_S2,4,SB,AZENT,DPS,Hollywood,Hybrid,28,10,3,15281,1568,2561,00:15:30,930
260626_SB_ROZE_S2,4,SB,SENTIER,TANK,Hollywood,Hybrid,22,9,8,25319,1880,19223,00:15:30,930
260626_SB_ROZE_S2,4,SB,SOAE,SPT,Hollywood,Hybrid,15,10,19,5625,17060,2004,00:15:30,930
260626_SB_ROZE_S2,4,SB,SORI,DPS,Hollywood,Hybrid,19,13,3,18628,169,1110,00:15:30,930
260626_SB_ROZE_S2,4,SB,UNIV2R,SPT,Hollywood,Hybrid,18,10,23,6384,21753,0,00:15:30,930
260626_SB_ROZE_S2,4,ROZE,BECKY,DPS,Hollywood,Hybrid,36,7,16,17027,2192,7990,00:15:30,930
260626_SB_ROZE_S2,4,ROZE,HEISER,TANK,Hollywood,Hybrid,32,7,23,21589,4692,10602,00:15:30,930
260626_SB_ROZE_S2,4,ROZE,IRONY,SPT,Hollywood,Hybrid,30,7,31,7156,24514,0,00:15:30,930
260626_SB_ROZE_S2,4,ROZE,OPENER,SPT,Hollywood,Hybrid,24,6,37,6196,13371,7057,00:15:30,930
260626_SB_ROZE_S2,4,ROZE,PROBE,DPS,Hollywood,Hybrid,35,6,2,16937,0,336,00:15:30,930
260626_SB_ROZE_S3,4,SB,AZENT,DPS,Circuit Royal,Escort,23,4,12,8865,1645,5981,00:10:25,625
260626_SB_ROZE_S3,4,SB,HOMERUNBALL,TANK,Circuit Royal,Escort,22,4,5,13753,0,20164,00:10:25,625
260626_SB_ROZE_S3,4,SB,SOAE,SPT,Circuit Royal,Escort,23,3,20,6439,12603,1768,00:10:25,625
260626_SB_ROZE_S3,4,SB,SORI,DPS,Circuit Royal,Escort,20,3,0,8579,0,0,00:10:25,625
260626_SB_ROZE_S3,4,SB,UNIV2R,SPT,Circuit Royal,Escort,15,3,23,2611,16423,0,00:10:25,625
260626_SB_ROZE_S3,4,ROZE,BECKY,DPS,Circuit Royal,Escort,12,10,1,8906,848,5744,00:10:25,625
260626_SB_ROZE_S3,4,ROZE,HEISER,TANK,Circuit Royal,Escort,10,7,9,11414,0,14329,00:10:25,625
260626_SB_ROZE_S3,4,ROZE,IRONY,SPT,Circuit Royal,Escort,4,7,13,4640,15480,0,00:10:25,625
260626_SB_ROZE_S3,4,ROZE,OPENER,SPT,Circuit Royal,Escort,11,6,11,4812,9516,1110,00:10:25,625
260626_SB_ROZE_S3,4,ROZE,PROBE,DPS,Circuit Royal,Escort,11,4,0,10231,0,0,00:10:25,625
260626_SB_ROZE_S4,4,ROZE,BECKY,DPS,Runasapi,Push,18,5,4,8584,531,990,00:10:09,609
260626_SB_ROZE_S4,4,ROZE,HEISER,TANK,Runasapi,Push,23,5,15,12470,2213,6264,00:10:09,609
260626_SB_ROZE_S4,4,ROZE,IRONY,SPT,Runasapi,Push,15,5,22,4618,16196,0,00:10:09,609
260626_SB_ROZE_S4,4,ROZE,OPENER,SPT,Runasapi,Push,11,8,16,4246,6231,1703,00:10:09,609
260626_SB_ROZE_S4,4,ROZE,PROBE,DPS,Runasapi,Push,15,4,1,10987,2,59,00:10:09,609
260626_SB_ROZE_S4,4,SB,AZENT,DPS,Runasapi,Push,21,7,5,7433,703,458,00:10:09,609
260626_SB_ROZE_S4,4,SB,SENTIER,TANK,Runasapi,Push,22,4,2,13296,275,18981,00:10:09,609
260626_SB_ROZE_S4,4,SB,SOAE,SPT,Runasapi,Push,9,6,19,6780,12159,2944,00:10:09,609
260626_SB_ROZE_S4,4,SB,SORI,DPS,Runasapi,Push,18,8,1,10205,137,136,00:10:09,609
260626_SB_ROZE_S4,4,SB,UNIV2R,SPT,Runasapi,Push,10,6,20,2895,14229,0,00:10:09,609
260627_PF_T1_S1,4,PF,CARU,SPT,Oasis,Control,2,7,7,3088,6758,0,00:07:30,450
260627_PF_T1_S1,4,PF,D0D0,DPS,Oasis,Control,4,8,0,3715,349,231,00:07:30,450
260627_PF_T1_S1,4,PF,FEARFUL,TANK,Oasis,Control,4,8,3,5801,1099,2200,00:07:30,450
260627_PF_T1_S1,4,PF,K4NE,DPS,Oasis,Control,8,7,0,8929,75,690,00:07:30,450
260627_PF_T1_S1,4,PF,SP1NEL,SPT,Oasis,Control,5,5,9,3499,6786,0,00:07:30,450
260627_PF_T1_S1,4,T1,BLISS,SPT,Oasis,Control,16,2,19,3402,6091,504,00:07:30,450
260627_PF_T1_S1,4,T1,JASM1NE,TANK,Oasis,Control,25,1,1,8754,1188,11348,00:07:30,450
260627_PF_T1_S1,4,T1,PROUD,DPS,Oasis,Control,15,5,1,7590,0,118,00:07:30,450
260627_PF_T1_S1,4,T1,SKEWED,SPT,Oasis,Control,14,1,25,4682,11477,0,00:07:30,450
260627_PF_T1_S1,4,T1,ZEST,DPS,Oasis,Control,23,1,0,7714,1074,0,00:07:30,450
260627_PF_T1_S2,4,T1,BLISS,SPT,New Junk City,Flashpoint,21,8,17,4174,6869,1853,00:10:52,652
260627_PF_T1_S2,4,T1,JASM1NE,TANK,New Junk City,Flashpoint,26,2,15,14804,2167,5147,00:10:52,652
260627_PF_T1_S2,4,T1,PROUD,DPS,New Junk City,Flashpoint,33,4,0,15065,0,0,00:10:52,652
260627_PF_T1_S2,4,T1,SKEWED,SPT,New Junk City,Flashpoint,22,4,32,6897,13293,0,00:10:52,652
260627_PF_T1_S2,4,T1,ZEST,DPS,New Junk City,Flashpoint,24,6,3,12879,360,602,00:10:52,652
260627_PF_T1_S2,4,PF,CARU,SPT,New Junk City,Flashpoint,9,9,18,3930,17102,0,00:10:52,652
260627_PF_T1_S2,4,PF,D0D0,DPS,New Junk City,Flashpoint,16,10,3,9051,300,234,00:10:52,652
260627_PF_T1_S2,4,PF,FEARFUL,TANK,New Junk City,Flashpoint,11,8,8,12636,4260,7693,00:10:52,652
260627_PF_T1_S2,4,PF,K4NE,DPS,New Junk City,Flashpoint,17,9,2,8566,0,471,00:10:52,652
260627_PF_T1_S2,4,PF,SP1NEL,SPT,New Junk City,Flashpoint,10,9,11,5587,7880,3216,00:10:52,652
260627_PF_T1_S3,4,T1,BLISS,SPT,Runasapi,Push,12,0,20,2432,4573,1371,00:05:25,325
260627_PF_T1_S3,4,T1,JASM1NE,TANK,Runasapi,Push,13,2,10,5753,1201,1158,00:05:25,325
260627_PF_T1_S3,4,T1,PROUD,DPS,Runasapi,Push,21,1,0,7975,0,0,00:05:25,325
260627_PF_T1_S3,4,T1,SKEWED,SPT,Runasapi,Push,8,1,19,2441,6940,0,00:05:25,325
260627_PF_T1_S3,4,T1,ZEST,DPS,Runasapi,Push,17,1,2,4611,0,179,00:05:25,325
260627_PF_T1_S3,4,PF,CARU,SPT,Runasapi,Push,2,4,5,2082,5335,0,00:05:25,325
260627_PF_T1_S3,4,PF,D0D0,DPS,Runasapi,Push,2,4,0,3675,10,316,00:05:25,325
260627_PF_T1_S3,4,PF,FEARFUL,TANK,Runasapi,Push,3,6,3,6359,1455,3181,00:05:25,325
260627_PF_T1_S3,4,PF,K4NE,DPS,Runasapi,Push,3,6,0,4633,0,0,00:05:25,325
260627_PF_T1_S3,4,PF,SP1NEL,SPT,Runasapi,Push,5,4,3,2344,4302,0,00:05:25,325
260627_CB_FLC_S1,4,CB,ARGON,DPS,Ilios,Control,3,6,0,5139,1126,0,00:07:09,429
260627_CB_FLC_S1,4,CB,FARMER,TANK,Ilios,Control,1,7,1,5439,3594,1840,00:07:09,429
260627_CB_FLC_S1,4,CB,M1NUT2,DPS,Ilios,Control,3,7,1,5896,239,1015,00:07:09,429
260627_CB_FLC_S1,4,CB,TENTEN,SPT,Ilios,Control,2,5,2,1648,6358,0,00:07:09,429
260627_CB_FLC_S1,4,CB,WOOCHAN,SPT,Ilios,Control,1,4,3,3270,7554,0,00:07:09,429
260627_CB_FLC_S1,4,FLC,CHIYO,SPT,Ilios,Control,18,0,15,3013,5441,0,00:07:09,429
260627_CB_FLC_S1,4,FLC,FIELDER,SPT,Ilios,Control,8,0,19,3453,9099,0,00:07:09,429
260627_CB_FLC_S1,4,FLC,HANBIN,TANK,Ilios,Control,23,0,12,7822,1393,15822,00:07:09,429
260627_CB_FLC_S1,4,FLC,MER1T,DPS,Ilios,Control,14,3,3,11048,568,695,00:07:09,429
260627_CB_FLC_S1,4,FLC,SP1NT,DPS,Ilios,Control,14,1,0,7360,75,213,00:07:09,429
260627_CB_FLC_S2,4,CB,ARGON,DPS,New Junk City,Flashpoint,15,9,0,9182,1537,0,00:08:48,528
260627_CB_FLC_S2,4,CB,FARMER,TANK,New Junk City,Flashpoint,18,8,13,10511,3161,7071,00:08:48,528
260627_CB_FLC_S2,4,CB,M1NUT2,DPS,New Junk City,Flashpoint,16,10,4,7511,125,632,00:08:48,528
260627_CB_FLC_S2,4,CB,TENTEN,SPT,New Junk City,Flashpoint,15,7,12,4698,6401,2150,00:08:48,528
260627_CB_FLC_S2,4,CB,WOOCHAN,SPT,New Junk City,Flashpoint,8,7,11,4479,8410,0,00:08:48,528
260627_CB_FLC_S2,4,FLC,CHIYO,SPT,New Junk City,Flashpoint,23,4,19,6073,5668,1872,00:08:48,528
260627_CB_FLC_S2,4,FLC,FIELDER,SPT,New Junk City,Flashpoint,14,5,28,4661,11585,0,00:08:48,528
260627_CB_FLC_S2,4,FLC,HANBIN,TANK,New Junk City,Flashpoint,27,4,21,10290,3049,6321,00:08:48,528
260627_CB_FLC_S2,4,FLC,MER1T,DPS,New Junk City,Flashpoint,28,6,4,10779,3,542,00:08:48,528
260627_CB_FLC_S2,4,FLC,SP1NT,DPS,New Junk City,Flashpoint,21,5,0,9727,1454,0,00:08:48,528
260627_CB_FLC_S3,4,CB,ARGON,DPS,Runasapi,Push,2,5,0,4741,703,0,00:04:43,283
260627_CB_FLC_S3,4,CB,GUR3UM,TANK,Runasapi,Push,3,5,2,4239,1031,6069,00:04:43,283
260627_CB_FLC_S3,4,CB,M1NUT2,DPS,Runasapi,Push,2,6,0,3205,0,255,00:04:43,283
260627_CB_FLC_S3,4,CB,TENTEN,SPT,Runasapi,Push,2,5,3,1346,3360,246,00:04:43,283
260627_CB_FLC_S3,4,CB,WOOCHAN,SPT,Runasapi,Push,2,5,2,2653,6231,0,00:04:43,283
260627_CB_FLC_S3,4,FLC,CHIYO,SPT,Runasapi,Push,10,0,11,1694,6280,0,00:04:43,283
260627_CB_FLC_S3,4,FLC,FIELDER,SPT,Runasapi,Push,10,0,20,2015,5526,0,00:04:43,283
260627_CB_FLC_S3,4,FLC,HANBIN,TANK,Runasapi,Push,15,0,7,3302,700,9021,00:04:43,283
260627_CB_FLC_S3,4,FLC,MER1T,DPS,Runasapi,Push,17,2,3,8030,21,798,00:04:43,283
260627_CB_FLC_S3,4,FLC,SP1NT,DPS,Runasapi,Push,21,1,2,7342,0,72,00:04:43,283
260627_SB_CR_S1,4,SB,AZENT,DPS,Ilios,Control,2,7,0,5603,747,3325,00:05:06,306
260627_SB_CR_S1,4,SB,SENTIER,TANK,Ilios,Control,4,4,1,5206,1056,8595,00:05:06,306
260627_SB_CR_S1,4,SB,SOAE,SPT,Ilios,Control,3,5,7,1874,5498,0,00:05:06,306
260627_SB_CR_S1,4,SB,SORI,DPS,Ilios,Control,8,4,2,8236,86,934,00:05:06,306
260627_SB_CR_S1,4,SB,UNIV2R,SPT,Ilios,Control,1,8,4,2787,9771,0,00:05:06,306
260627_SB_CR_S1,4,CR,CH0R0NG,SPT,Ilios,Control,14,2,11,4563,4336,0,00:05:06,306
260627_SB_CR_S1,4,CR,LIP,DPS,Ilios,Control,14,3,0,9074,0,635,00:05:06,306
260627_SB_CR_S1,4,CR,MAX,TANK,Ilios,Control,16,2,6,6942,870,7642,00:05:06,306
260627_SB_CR_S1,4,CR,STALK3R,DPS,Ilios,Control,19,0,1,10072,29,227,00:05:06,306
260627_SB_CR_S1,4,CR,VIGILANTE,SPT,Ilios,Control,6,1,15,3307,8310,0,00:05:06,306
260627_SB_CR_S2,4,SB,DUMBBELL,SPT,New Junk City,Flashpoint,11,8,10,5406,9650,1978,00:10:05,605
260627_SB_CR_S2,4,SB,HOMERUNBALL,TANK,New Junk City,Flashpoint,11,7,4,10568,1764,7680,00:10:05,605
260627_SB_CR_S2,4,SB,SOAE,SPT,New Junk City,Flashpoint,13,6,4,9038,501,4426,00:10:05,605
260627_SB_CR_S2,4,SB,SORI,DPS,New Junk City,Flashpoint,11,13,0,8382,0,40,00:10:05,605
260627_SB_CR_S2,4,SB,UNIV2R,SPT,New Junk City,Flashpoint,8,7,15,3867,10696,0,00:10:05,605
260627_SB_CR_S2,4,CR,CH0R0NG,SPT,New Junk City,Flashpoint,22,2,24,6379,7846,2131,00:10:05,605
260627_SB_CR_S2,4,CR,LIP,DPS,New Junk City,Flashpoint,20,5,0,11192,0,0,00:10:05,605
260627_SB_CR_S2,4,CR,MAX,TANK,New Junk City,Flashpoint,24,6,15,9326,1992,4913,00:10:05,605
260627_SB_CR_S2,4,CR,STALK3R,DPS,New Junk City,Flashpoint,29,2,6,9207,387,775,00:10:05,605
260627_SB_CR_S2,4,CR,VIGILANTE,SPT,New Junk City,Flashpoint,15,5,27,4322,12464,0,00:10:05,605
260627_SB_CR_S3,4,CR,CH0R0NG,SPT,Circuit Royal,Escort,12,4,19,5181,6309,361,00:10:52,652
260627_SB_CR_S3,4,CR,LIP,DPS,Circuit Royal,Escort,14,3,6,7882,70,240,00:10:52,652
260627_SB_CR_S3,4,CR,MAX,TANK,Circuit Royal,Escort,24,3,4,13532,0,22585,00:10:52,652
260627_SB_CR_S3,4,CR,STALK3R,DPS,Circuit Royal,Escort,22,4,0,10244,272,1788,00:10:52,652
260627_SB_CR_S3,4,CR,VIGILANTE,SPT,Circuit Royal,Escort,11,3,22,3308,12009,287,00:10:52,652
260627_SB_CR_S3,4,SB,AZENT,DPS,Circuit Royal,Escort,11,8,0,8288,0,0,00:10:52,652
260627_SB_CR_S3,4,SB,HOMERUNBALL,TANK,Circuit Royal,Escort,9,6,2,11227,0,23292,00:10:52,652
260627_SB_CR_S3,4,SB,SOAE,SPT,Circuit Royal,Escort,7,7,9,2318,9542,475,00:10:52,652
260627_SB_CR_S3,4,SB,SORI,DPS,Circuit Royal,Escort,10,9,1,6880,0,200,00:10:52,652
260627_SB_CR_S3,4,SB,UNIV2R,SPT,Circuit Royal,Escort,5,5,13,1716,14099,0,00:10:52,652
260628_O2_PF_S1,4,O2,FAITH,SPT,Antarctic Peninsula,Control,15,6,23,3468,6627,1019,00:09:15,555
260628_O2_PF_S1,4,O2,FATE,TANK,Antarctic Peninsula,Control,19,4,15,15295,3984,6948,00:09:15,555
260628_O2_PF_S1,4,O2,GAMJUNG,SPT,Antarctic Peninsula,Control,12,3,24,5733,15115,0,00:09:15,555
260628_O2_PF_S1,4,O2,PERR,DPS,Antarctic Peninsula,Control,28,3,3,11033,75,504,00:09:15,555
260628_O2_PF_S1,4,O2,WUTIAN,DPS,Antarctic Peninsula,Control,19,8,3,6283,107,666,00:09:15,555
260628_O2_PF_S1,4,PF,CARU,SPT,Antarctic Peninsula,Control,12,8,17,3906,8226,0,00:09:15,555
260628_O2_PF_S1,4,PF,D0D0,DPS,Antarctic Peninsula,Control,15,6,1,9681,508,194,00:09:15,555
260628_O2_PF_S1,4,PF,FEARFUL,TANK,Antarctic Peninsula,Control,13,8,12,13554,3047,5574,00:09:15,555
260628_O2_PF_S1,4,PF,K4NE,DPS,Antarctic Peninsula,Control,18,6,7,10530,58,503,00:09:15,555
260628_O2_PF_S1,4,PF,SP1NEL,SPT,Antarctic Peninsula,Control,8,7,16,4108,11194,0,00:09:15,555
260628_O2_PF_S2,4,O2,FAITH,SPT,New Junk City,Flashpoint,19,5,21,3812,8107,1753,00:12:18,738
260628_O2_PF_S2,4,O2,FATE,TANK,New Junk City,Flashpoint,25,6,19,14385,2348,7047,00:12:18,738
260628_O2_PF_S2,4,O2,GAMJUNG,SPT,New Junk City,Flashpoint,16,7,25,5091,14186,0,00:12:18,738
260628_O2_PF_S2,4,O2,PERR,DPS,New Junk City,Flashpoint,22,9,0,11830,0,0,00:12:18,738
260628_O2_PF_S2,4,O2,WUTIAN,DPS,New Junk City,Flashpoint,27,5,0,9770,1504,0,00:12:18,738
260628_O2_PF_S2,4,PF,CARU,SPT,New Junk City,Flashpoint,12,7,22,4069,14999,0,00:12:18,738
260628_O2_PF_S2,4,PF,D0D0,DPS,New Junk City,Flashpoint,19,8,5,9403,150,583,00:12:18,738
260628_O2_PF_S2,4,PF,FEARFUL,TANK,New Junk City,Flashpoint,21,9,9,11328,2936,7002,00:12:18,738
260628_O2_PF_S2,4,PF,K4NE,DPS,New Junk City,Flashpoint,23,4,0,15854,0,0,00:12:18,738
260628_O2_PF_S2,4,PF,SP1NEL,SPT,New Junk City,Flashpoint,17,6,20,5860,7631,1157,00:12:18,738
260628_O2_PF_S3,4,O2,FAITH,SPT,Runasapi,Push,3,9,5,2318,5421,1906,00:10:00,600
260628_O2_PF_S3,4,O2,FATE,TANK,Runasapi,Push,12,6,5,13264,2706,5109,00:10:00,600
260628_O2_PF_S3,4,O2,GAMJUNG,SPT,Runasapi,Push,7,10,8,4050,12484,0,00:10:00,600
260628_O2_PF_S3,4,O2,PERR,DPS,Runasapi,Push,6,9,1,7280,0,182,00:10:00,600
260628_O2_PF_S3,4,O2,WUTIAN,DPS,Runasapi,Push,6,10,1,7636,813,105,00:10:00,600
260628_O2_PF_S3,4,PF,CARU,SPT,Runasapi,Push,13,2,31,3240,11749,0,00:10:00,600
260628_O2_PF_S3,4,PF,D0D0,DPS,Runasapi,Push,30,2,6,9658,0,47,00:10:00,600
260628_O2_PF_S3,4,PF,FEARFUL,TANK,Runasapi,Push,21,5,13,12342,2161,5477,00:10:00,600
260628_O2_PF_S3,4,PF,K4NE,DPS,Runasapi,Push,29,2,0,12560,0,0,00:10:00,600
260628_O2_PF_S3,4,PF,SP1NEL,SPT,Runasapi,Push,26,3,24,5762,7821,2980,00:10:00,600
260628_O2_PF_S4,4,O2,FAITH,SPT,King's Row,Hybrid,17,8,15,10890,9359,766,00:18:48,1128
260628_O2_PF_S4,4,O2,GAMJUNG,SPT,King's Row,Hybrid,14,10,24,7636,20374,0,00:18:48,1128
260628_O2_PF_S4,4,O2,PERR,DPS,King's Row,Hybrid,20,13,1,13792,226,342,00:18:48,1128
260628_O2_PF_S4,4,O2,SEUNGAN,TANK,King's Row,Hybrid,32,7,4,19121,825,33446,00:18:48,1128
260628_O2_PF_S4,4,O2,WUTIAN,DPS,King's Row,Hybrid,22,11,3,14815,1479,5629,00:18:48,1128
260628_O2_PF_S4,4,PF,CARU,SPT,King's Row,Hybrid,10,8,30,3465,24981,0,00:18:48,1128
260628_O2_PF_S4,4,PF,D0D0,DPS,King's Row,Hybrid,27,8,0,14870,309,3717,00:18:48,1128
260628_O2_PF_S4,4,PF,FEARFUL,TANK,King's Row,Hybrid,25,9,5,17290,231,31122,00:18:48,1128
260628_O2_PF_S4,4,PF,K4NE,DPS,King's Row,Hybrid,39,8,0,17100,0,131,00:18:48,1128
260628_O2_PF_S4,4,PF,SP1NEL,SPT,King's Row,Hybrid,17,11,21,5526,11734,2997,00:18:48,1128
260628_ROZE_T1_S1,4,ROZE,BECKY,DPS,Antarctic Peninsula,Control,22,11,2,12625,761,1657,00:12:56,776
260628_ROZE_T1_S1,4,ROZE,HEISER,TANK,Antarctic Peninsula,Control,26,11,17,18664,4807,9803,00:12:56,776
260628_ROZE_T1_S1,4,ROZE,IRONY,SPT,Antarctic Peninsula,Control,14,7,30,6923,17513,0,00:12:56,776
260628_ROZE_T1_S1,4,ROZE,OPENER,SPT,Antarctic Peninsula,Control,15,11,16,6078,9414,1695,00:12:56,776
260628_ROZE_T1_S1,4,ROZE,PROBE,DPS,Antarctic Peninsula,Control,29,8,3,17357,216,736,00:12:56,776
260628_ROZE_T1_S1,4,T1,BLISS,SPT,Antarctic Peninsula,Control,27,8,21,6838,10603,2228,00:12:56,776
260628_ROZE_T1_S1,4,T1,DONGHAK,TANK,Antarctic Peninsula,Control,33,7,21,20561,5227,10383,00:12:56,776
260628_ROZE_T1_S1,4,T1,PROUD,DPS,Antarctic Peninsula,Control,31,9,2,16531,0,725,00:12:56,776
260628_ROZE_T1_S1,4,T1,SKEWED,SPT,Antarctic Peninsula,Control,22,7,32,5862,19773,0,00:12:56,776
260628_ROZE_T1_S1,4,T1,ZEST,DPS,Antarctic Peninsula,Control,25,10,9,11323,707,536,00:12:56,776
260628_ROZE_T1_S2,4,ROZE,BECKY,DPS,Runasapi,Push,21,10,5,10126,350,3180,00:11:35,695
260628_ROZE_T1_S2,4,ROZE,HEISER,TANK,Runasapi,Push,16,10,10,14322,3065,16485,00:11:35,695
260628_ROZE_T1_S2,4,ROZE,IRONY,SPT,Runasapi,Push,12,8,17,4029,11521,0,00:11:35,695
260628_ROZE_T1_S2,4,ROZE,OPENER,SPT,Runasapi,Push,15,9,16,3581,7266,583,00:11:35,695
260628_ROZE_T1_S2,4,ROZE,PROBE,DPS,Runasapi,Push,15,9,3,8744,0,373,00:11:35,695
260628_ROZE_T1_S2,4,T1,BLISS,SPT,Runasapi,Push,21,5,24,2769,8221,0,00:11:35,695
260628_ROZE_T1_S2,4,T1,DONGHAK,TANK,Runasapi,Push,25,6,12,12350,2098,12295,00:11:35,695
260628_ROZE_T1_S2,4,T1,PROUD,DPS,Runasapi,Push,28,8,6,12733,33,1291,00:11:35,695
260628_ROZE_T1_S2,4,T1,SKEWED,SPT,Runasapi,Push,16,3,29,4595,13742,0,00:11:35,695
260628_ROZE_T1_S2,4,T1,ZEST,DPS,Runasapi,Push,30,6,2,11400,0,625,00:11:35,695
260628_ROZE_T1_S3,4,ROZE,BECKY,DPS,New Junk City,Flashpoint,10,7,3,7962,910,3181,00:08:50,530
260628_ROZE_T1_S3,4,ROZE,HEISER,TANK,New Junk City,Flashpoint,12,7,4,11647,469,5284,00:08:50,530
260628_ROZE_T1_S3,4,ROZE,IRONY,SPT,New Junk City,Flashpoint,8,4,12,5922,10877,2856,00:08:50,530
260628_ROZE_T1_S3,4,ROZE,OPENER,SPT,New Junk City,Flashpoint,5,8,5,2063,8822,0,00:08:50,530
260628_ROZE_T1_S3,4,ROZE,PROBE,DPS,New Junk City,Flashpoint,8,8,1,7005,0,451,00:08:50,530
260628_ROZE_T1_S3,4,T1,BLISS,SPT,New Junk City,Flashpoint,19,5,19,3698,4865,901,00:08:50,530
260628_ROZE_T1_S3,4,T1,DONGHAK,TANK,New Junk City,Flashpoint,20,4,14,9006,2776,4796,00:08:50,530
260628_ROZE_T1_S3,4,T1,PROUD,DPS,New Junk City,Flashpoint,23,2,0,10646,0,0,00:08:50,530
260628_ROZE_T1_S3,4,T1,SKEWED,SPT,New Junk City,Flashpoint,23,1,28,4642,15232,0,00:08:50,530
260628_ROZE_T1_S3,4,T1,ZEST,DPS,New Junk City,Flashpoint,21,3,0,7311,272,1409,00:08:50,530
260628_CR_ZETA_S1,4,CR,CH0R0NG,SPT,Antarctic Peninsula,Control,32,9,35,7309,9767,4800,00:12:06,726
260628_CR_ZETA_S1,4,CR,HEESANG,DPS,Antarctic Peninsula,Control,38,8,0,18300,2274,0,00:12:06,726
260628_CR_ZETA_S1,4,CR,MAX,TANK,Antarctic Peninsula,Control,35,7,25,20012,4170,7981,00:12:06,726
260628_CR_ZETA_S1,4,CR,STALK3R,DPS,Antarctic Peninsula,Control,29,9,5,14693,0,502,00:12:06,726
260628_CR_ZETA_S1,4,CR,VIGILANTE,SPT,Antarctic Peninsula,Control,24,8,41,6048,19754,0,00:12:06,726
260628_CR_ZETA_S1,4,ZETA,BERNAR,TANK,Antarctic Peninsula,Control,29,9,15,16840,4035,8852,00:12:06,726
260628_CR_ZETA_S1,4,ZETA,KNIFE,DPS,Antarctic Peninsula,Control,26,11,0,13782,2099,0,00:12:06,726
260628_CR_ZETA_S1,4,ZETA,PROPER,DPS,Antarctic Peninsula,Control,25,10,7,16103,26,551,00:12:06,726
260628_CR_ZETA_S1,4,ZETA,SHU,SPT,Antarctic Peninsula,Control,17,6,33,7913,20866,0,00:12:06,726
260628_CR_ZETA_S1,4,ZETA,VIOL2T,SPT,Antarctic Peninsula,Control,20,8,26,8561,13480,3884,00:12:06,726
260628_CR_ZETA_S2,4,CR,CH0R0NG,SPT,Rialto,Escort,22,14,23,6548,8947,2201,00:14:46,886
260628_CR_ZETA_S2,4,CR,HEESANG,DPS,Rialto,Escort,30,13,9,13643,410,2141,00:14:46,886
260628_CR_ZETA_S2,4,CR,MAX,TANK,Rialto,Escort,34,12,18,13697,2467,27559,00:14:46,886
260628_CR_ZETA_S2,4,CR,STALK3R,DPS,Rialto,Escort,25,19,6,18140,0,789,00:14:46,886
260628_CR_ZETA_S2,4,CR,VIGILANTE,SPT,Rialto,Escort,18,14,29,6322,16844,131,00:14:46,886
260628_CR_ZETA_S2,4,ZETA,BERNAR,TANK,Rialto,Escort,50,8,25,16999,3102,10904,00:14:46,886
260628_CR_ZETA_S2,4,ZETA,KNIFE,DPS,Rialto,Escort,34,8,6,13478,1995,2035,00:14:46,886
260628_CR_ZETA_S2,4,ZETA,PROPER,DPS,Rialto,Escort,37,9,5,14922,0,599,00:14:46,886
260628_CR_ZETA_S2,4,ZETA,SHU,SPT,Rialto,Escort,20,10,44,7175,19182,0,00:14:46,886
260628_CR_ZETA_S2,4,ZETA,VIOL2T,SPT,Rialto,Escort,39,9,33,7718,12752,0,00:14:46,886
260628_CR_ZETA_S3,4,ZETA,BERNAR,TANK,King's Row,Hybrid,64,18,46,27087,5201,19886,00:23:23,1403
260628_CR_ZETA_S3,4,ZETA,KNIFE,DPS,King's Row,Hybrid,50,21,0,21756,3394,0,00:23:23,1403
260628_CR_ZETA_S3,4,ZETA,PROPER,DPS,King's Row,Hybrid,61,16,8,29930,524,1160,00:23:23,1403
260628_CR_ZETA_S3,4,ZETA,SHU,SPT,King's Row,Hybrid,20,22,55,10134,23934,0,00:23:23,1403
260628_CR_ZETA_S3,4,ZETA,VIOL2T,SPT,King's Row,Hybrid,52,20,42,12593,21301,0,00:23:23,1403
260628_CR_ZETA_S3,4,CR,CH0R0NG,SPT,King's Row,Hybrid,45,16,49,12268,19128,990,00:23:23,1403
260628_CR_ZETA_S3,4,CR,HEESANG,DPS,King's Row,Hybrid,59,19,4,24978,3866,460,00:23:23,1403
260628_CR_ZETA_S3,4,CR,MAX,TANK,King's Row,Hybrid,62,17,45,28412,6287,22531,00:23:23,1403
260628_CR_ZETA_S3,4,CR,STALK3R,DPS,King's Row,Hybrid,67,19,4,26048,322,1368,00:23:23,1403
260628_CR_ZETA_S3,4,CR,VIGILANTE,SPT,King's Row,Hybrid,35,17,72,10808,26063,0,00:23:23,1403
260628_CR_ZETA_S4,4,CR,CH0R0NG,SPT,Suravasa,Flashpoint,10,9,15,4480,6388,2454,00:08:47,527
260628_CR_ZETA_S4,4,CR,HEESANG,DPS,Suravasa,Flashpoint,6,10,2,4456,189,5016,00:08:47,527
260628_CR_ZETA_S4,4,CR,MAX,TANK,Suravasa,Flashpoint,15,8,2,5674,430,12089,00:08:47,527
260628_CR_ZETA_S4,4,CR,STALK3R,DPS,Suravasa,Flashpoint,16,8,1,8870,0,441,00:08:47,527
260628_CR_ZETA_S4,4,CR,VIGILANTE,SPT,Suravasa,Flashpoint,8,9,12,3080,6814,90,00:08:47,527
260628_CR_ZETA_S4,4,ZETA,BERNAR,TANK,Suravasa,Flashpoint,27,4,17,5838,1815,8464,00:08:47,527
260628_CR_ZETA_S4,4,ZETA,KNIFE,DPS,Suravasa,Flashpoint,15,6,0,8382,428,723,00:08:47,527
260628_CR_ZETA_S4,4,ZETA,PROPER,DPS,Suravasa,Flashpoint,29,3,8,9801,39,426,00:08:47,527
260628_CR_ZETA_S4,4,ZETA,SHU,SPT,Suravasa,Flashpoint,15,6,18,3133,4950,679,00:08:47,527
260628_CR_ZETA_S4,4,ZETA,VIOL2T,SPT,Suravasa,Flashpoint,25,5,15,3890,6910,0,00:08:47,527
260628_CR_ZETA_S5,4,CR,CH0R0NG,SPT,Runasapi,Push,24,9,25,5052,8322,0,00:11:02,662
260628_CR_ZETA_S5,4,CR,HEESANG,DPS,Runasapi,Push,27,12,0,13187,2500,0,00:11:02,662
260628_CR_ZETA_S5,4,CR,MAX,TANK,Runasapi,Push,24,11,20,15848,5414,7927,00:11:02,662
260628_CR_ZETA_S5,4,CR,STALK3R,DPS,Runasapi,Push,27,12,3,13953,239,1693,00:11:02,662
260628_CR_ZETA_S5,4,CR,VIGILANTE,SPT,Runasapi,Push,10,12,26,4309,10859,0,00:11:02,662
260628_CR_ZETA_S5,4,ZETA,BERNAR,TANK,Runasapi,Push,42,7,29,16824,4408,7483,00:11:02,662
260628_CR_ZETA_S5,4,ZETA,KNIFE,DPS,Runasapi,Push,36,9,2,14401,64,2145,00:11:02,662
260628_CR_ZETA_S5,4,ZETA,PROPER,DPS,Runasapi,Push,41,9,0,15924,2401,0,00:11:02,662
260628_CR_ZETA_S5,4,ZETA,SHU,SPT,Runasapi,Push,16,8,42,4261,12861,0,00:11:02,662
260628_CR_ZETA_S5,4,ZETA,VIOL2T,SPT,Runasapi,Push,25,5,31,3569,10494,0,00:11:02,662
260703_O2_ROZE_S1,5,O2,FAITH,SPT,Antarctic Peninsula,Control,5,6,5,2828,3483,923,00:06:11,371
260703_O2_ROZE_S1,5,O2,GAMJUNG,SPT,Antarctic Peninsula,Control,5,8,6,2979,6397,0,00:06:11,371
260703_O2_ROZE_S1,5,O2,PERR,DPS,Antarctic Peninsula,Control,7,7,3,6306,75,266,00:06:11,371
260703_O2_ROZE_S1,5,O2,SEUNGAN,TANK,Antarctic Peninsula,Control,7,9,6,7160,1656,4261,00:06:11,371
260703_O2_ROZE_S1,5,O2,WUTIAN,DPS,Antarctic Peninsula,Control,5,9,0,8698,1161,0,00:06:11,371
260703_O2_ROZE_S1,5,ROZE,BECKY,DPS,Antarctic Peninsula,Control,32,0,0,8104,1262,0,00:06:11,371
260703_O2_ROZE_S1,5,ROZE,HEISER,TANK,Antarctic Peninsula,Control,32,2,19,9195,3001,3690,00:06:11,371
260703_O2_ROZE_S1,5,ROZE,IRONY,SPT,Antarctic Peninsula,Control,17,0,31,2982,10786,0,00:06:11,371
260703_O2_ROZE_S1,5,ROZE,OPENER,SPT,Antarctic Peninsula,Control,19,2,15,3061,4596,2066,00:06:11,371
260703_O2_ROZE_S1,5,ROZE,PROBE,DPS,Antarctic Peninsula,Control,26,3,4,7017,0,210,00:06:11,371
260703_O2_ROZE_S2,5,O2,FAITH,SPT,King's Row,Hybrid,23,9,9,6444,10763,0,00:16:20,980
260703_O2_ROZE_S2,5,O2,GAMJUNG,SPT,King's Row,Hybrid,13,12,28,8511,14122,0,00:16:20,980
260703_O2_ROZE_S2,5,O2,PERR,DPS,King's Row,Hybrid,23,13,0,13533,49,282,00:16:20,980
260703_O2_ROZE_S2,5,O2,SEUNGAN,TANK,King's Row,Hybrid,25,11,9,14957,0,17464,00:16:20,980
260703_O2_ROZE_S2,5,O2,WUTIAN,DPS,King's Row,Hybrid,26,12,4,14122,213,1085,00:16:20,980
260703_O2_ROZE_S2,5,ROZE,BECKY,DPS,King's Row,Hybrid,33,10,2,9404,1856,4929,00:16:20,980
260703_O2_ROZE_S2,5,ROZE,HEISER,TANK,King's Row,Hybrid,29,10,17,13668,1064,25602,00:16:20,980
260703_O2_ROZE_S2,5,ROZE,IRONY,SPT,King's Row,Hybrid,20,8,38,4804,18757,0,00:16:20,980
260703_O2_ROZE_S2,5,ROZE,OPENER,SPT,King's Row,Hybrid,29,9,17,5930,12748,0,00:16:20,980
260703_O2_ROZE_S2,5,ROZE,PROBE,DPS,King's Row,Hybrid,39,6,3,15029,213,637,00:16:20,980
260703_O2_ROZE_S3,5,O2,FAITH,SPT,Circuit Royal,Escort,21,10,17,4570,14286,0,00:16:50,1010
260703_O2_ROZE_S3,5,O2,GAMJUNG,SPT,Circuit Royal,Escort,24,12,30,7682,20175,0,00:16:50,1010
260703_O2_ROZE_S3,5,O2,PERR,DPS,Circuit Royal,Escort,34,12,2,16840,1196,2267,00:16:50,1010
260703_O2_ROZE_S3,5,O2,SEUNGAN,TANK,Circuit Royal,Escort,32,10,10,19287,86,32844,00:16:50,1010
260703_O2_ROZE_S3,5,O2,WUTIAN,DPS,Circuit Royal,Escort,28,11,16,10424,4066,9427,00:16:50,1010
260703_O2_ROZE_S3,5,ROZE,BECKY,DPS,Circuit Royal,Escort,32,10,16,12955,2145,7820,00:16:50,1010
260703_O2_ROZE_S3,5,ROZE,HEISER,TANK,Circuit Royal,Escort,25,11,8,19986,40,28381,00:16:50,1010
260703_O2_ROZE_S3,5,ROZE,IRONY,SPT,Circuit Royal,Escort,27,8,23,8281,19250,0,00:16:50,1010
260703_O2_ROZE_S3,5,ROZE,OPENER,SPT,Circuit Royal,Escort,32,7,24,5920,13956,0,00:16:50,1010
260703_O2_ROZE_S3,5,ROZE,PROBE,DPS,Circuit Royal,Escort,37,10,3,20197,561,1913,00:16:50,1010
260703_CR_FLC_S1,5,FLC,CHECKMATE,DPS,Antarctic Peninsula,Control,29,4,4,9204,694,3439,00:08:58,538
260703_CR_FLC_S1,5,FLC,CHIYO,SPT,Antarctic Peninsula,Control,21,3,15,4535,8013,0,00:08:58,538
260703_CR_FLC_S1,5,FLC,FIELDER,SPT,Antarctic Peninsula,Control,13,4,28,6167,13104,0,00:08:58,538
260703_CR_FLC_S1,5,FLC,HANBIN,TANK,Antarctic Peninsula,Control,28,3,13,7432,822,13259,00:08:58,538
260703_CR_FLC_S1,5,FLC,SP1NT,DPS,Antarctic Peninsula,Control,25,4,3,10469,0,311,00:08:58,538
260703_CR_FLC_S1,5,CR,CH0R0NG,SPT,Antarctic Peninsula,Control,11,6,7,4775,6702,597,00:08:58,538
260703_CR_FLC_S1,5,CR,HEESANG,DPS,Antarctic Peninsula,Control,4,11,0,5934,337,4053,00:08:58,538
260703_CR_FLC_S1,5,CR,MAX,TANK,Antarctic Peninsula,Control,10,8,7,6695,1537,8526,00:08:58,538
260703_CR_FLC_S1,5,CR,STALK3R,DPS,Antarctic Peninsula,Control,11,6,2,10619,75,488,00:08:58,538
260703_CR_FLC_S1,5,CR,VIGILANTE,SPT,Antarctic Peninsula,Control,6,8,7,3404,10405,0,00:08:58,538
260703_CR_FLC_S2,5,FLC,CHECKMATE,DPS,Circuit Royal,Escort,5,9,2,8596,1152,7962,00:12:32,752
260703_CR_FLC_S2,5,FLC,CHIYO,SPT,Circuit Royal,Escort,7,9,3,5574,11988,768,00:12:32,752
260703_CR_FLC_S2,5,FLC,FIELDER,SPT,Circuit Royal,Escort,4,9,8,3663,18880,0,00:12:32,752
260703_CR_FLC_S2,5,FLC,SOMEONE,TANK,Circuit Royal,Escort,9,10,1,13294,50,22800,00:12:32,752
260703_CR_FLC_S2,5,FLC,SP1NT,DPS,Circuit Royal,Escort,8,11,0,10748,439,3214,00:12:32,752
260703_CR_FLC_S2,5,CR,CH0R0NG,SPT,Circuit Royal,Escort,24,2,33,7561,16137,2083,00:12:32,752
260703_CR_FLC_S2,5,CR,HEESANG,DPS,Circuit Royal,Escort,40,1,10,12506,1179,7769,00:12:32,752
260703_CR_FLC_S2,5,CR,MAX,TANK,Circuit Royal,Escort,29,2,4,18274,0,24962,00:12:32,752
260703_CR_FLC_S2,5,CR,STALK3R,DPS,Circuit Royal,Escort,28,3,6,11373,503,4903,00:12:32,752
260703_CR_FLC_S2,5,CR,VIGILANTE,SPT,Circuit Royal,Escort,27,3,35,5361,15436,0,00:12:32,752
260703_CR_FLC_S3,5,FLC,CHECKMATE,DPS,New Junk City,Flashpoint,21,11,5,9354,608,786,00:12:13,733
260703_CR_FLC_S3,5,FLC,CHIYO,SPT,New Junk City,Flashpoint,15,8,12,4676,7737,0,00:12:13,733
260703_CR_FLC_S3,5,FLC,FIELDER,SPT,New Junk City,Flashpoint,11,10,17,5848,11192,0,00:12:13,733
260703_CR_FLC_S3,5,FLC,HANBIN,TANK,New Junk City,Flashpoint,15,9,4,6452,1358,16164,00:12:13,733
260703_CR_FLC_S3,5,FLC,SP1NT,DPS,New Junk City,Flashpoint,16,11,3,9971,104,435,00:12:13,733
260703_CR_FLC_S3,5,CR,CH0R0NG,SPT,New Junk City,Flashpoint,27,6,11,6127,6884,367,00:12:13,733
260703_CR_FLC_S3,5,CR,HEESANG,DPS,New Junk City,Flashpoint,28,4,0,8218,139,69,00:12:13,733
260703_CR_FLC_S3,5,CR,MAX,TANK,New Junk City,Flashpoint,27,6,16,9270,1855,8027,00:12:13,733
260703_CR_FLC_S3,5,CR,STALK3R,DPS,New Junk City,Flashpoint,29,7,1,10907,151,770,00:12:13,733
260703_CR_FLC_S3,5,CR,VIGILANTE,SPT,New Junk City,Flashpoint,20,5,25,6555,10092,0,00:12:13,733
260703_CR_FLC_S4,5,CR,CH0R0NG,SPT,King's Row,Hybrid,25,7,23,6340,9113,2202,00:13:31,811
260703_CR_FLC_S4,5,CR,HEESANG,DPS,King's Row,Hybrid,24,6,5,14030,536,1726,00:13:31,811
260703_CR_FLC_S4,5,CR,MAX,TANK,King's Row,Hybrid,23,6,9,12022,352,24743,00:13:31,811
260703_CR_FLC_S4,5,CR,STALK3R,DPS,King's Row,Hybrid,23,7,1,12461,1213,4503,00:13:31,811
260703_CR_FLC_S4,5,CR,VIGILANTE,SPT,King's Row,Hybrid,15,3,28,4999,22366,328,00:13:31,811
260703_CR_FLC_S4,5,FLC,CHECKMATE,DPS,King's Row,Hybrid,16,8,6,12364,883,5767,00:13:31,811
260703_CR_FLC_S4,5,FLC,CHIYO,SPT,King's Row,Hybrid,14,7,17,7905,9283,1336,00:13:31,811
260703_CR_FLC_S4,5,FLC,FIELDER,SPT,King's Row,Hybrid,11,8,17,5299,17512,0,00:13:31,811
260703_CR_FLC_S4,5,FLC,SOMEONE,TANK,King's Row,Hybrid,20,8,5,13718,275,20811,00:13:31,811
260703_CR_FLC_S4,5,FLC,SP1NT,DPS,King's Row,Hybrid,18,9,2,11012,372,1016,00:13:31,811
260703_ZETA_T1_S1,5,T1,BLISS,SPT,Nepal,Control,31,11,26,6525,12518,0,00:12:39,759
260703_ZETA_T1_S1,5,T1,DONGHAK,TANK,Nepal,Control,33,7,17,20322,5222,8509,00:12:39,759
260703_ZETA_T1_S1,5,T1,PROUD,DPS,Nepal,Control,23,12,5,15008,0,701,00:12:39,759
260703_ZETA_T1_S1,5,T1,SKEWED,SPT,Nepal,Control,15,8,38,7174,16969,0,00:12:39,759
260703_ZETA_T1_S1,5,T1,ZEST,DPS,Nepal,Control,30,9,0,15141,2636,0,00:12:39,759
260703_ZETA_T1_S1,5,ZETA,BERNAR,TANK,Nepal,Control,33,10,26,19278,5035,9145,00:12:39,759
260703_ZETA_T1_S1,5,ZETA,KNIFE,DPS,Nepal,Control,33,10,0,15469,2597,0,00:12:39,759
260703_ZETA_T1_S1,5,ZETA,PROPER,DPS,Nepal,Control,25,10,7,14749,90,955,00:12:39,759
260703_ZETA_T1_S1,5,ZETA,SHU,SPT,Nepal,Control,15,10,33,4964,15982,0,00:12:39,759
260703_ZETA_T1_S1,5,ZETA,VIOL2T,SPT,Nepal,Control,28,9,24,7986,12261,0,00:12:39,759
260703_ZETA_T1_S2,5,T1,BLISS,SPT,New Junk City,Flashpoint,28,13,35,6343,9946,3889,00:14:18,858
260703_ZETA_T1_S2,5,T1,DONGHAK,TANK,New Junk City,Flashpoint,43,12,32,20698,5900,11163,00:14:18,858
260703_ZETA_T1_S2,5,T1,PROUD,DPS,New Junk City,Flashpoint,43,12,5,16689,35,565,00:14:18,858
260703_ZETA_T1_S2,5,T1,SKEWED,SPT,New Junk City,Flashpoint,27,9,43,8746,19386,0,00:14:18,858
260703_ZETA_T1_S2,5,T1,ZEST,DPS,New Junk City,Flashpoint,42,12,0,15618,2469,0,00:14:18,858
260703_ZETA_T1_S2,5,ZETA,BERNAR,TANK,New Junk City,Flashpoint,44,12,31,19575,5463,12012,00:14:18,858
260703_ZETA_T1_S2,5,ZETA,KNIFE,DPS,New Junk City,Flashpoint,42,11,0,17586,2491,0,00:14:18,858
260703_ZETA_T1_S2,5,ZETA,PROPER,DPS,New Junk City,Flashpoint,37,13,3,17049,75,981,00:14:18,858
260703_ZETA_T1_S2,5,ZETA,SHU,SPT,New Junk City,Flashpoint,27,15,46,7467,15115,0,00:14:18,858
260703_ZETA_T1_S2,5,ZETA,VIOL2T,SPT,New Junk City,Flashpoint,35,12,38,9309,11807,3211,00:14:18,858
260703_ZETA_T1_S3,5,T1,BLISS,SPT,Circuit Royal,Escort,28,7,41,8677,16568,3690,00:14:20,860
260703_ZETA_T1_S3,5,T1,JASM1NE,TANK,Circuit Royal,Escort,36,6,4,16019,0,25934,00:14:20,860
260703_ZETA_T1_S3,5,T1,PROUD,DPS,Circuit Royal,Escort,46,9,11,13363,984,6350,00:14:20,860
260703_ZETA_T1_S3,5,T1,SKEWED,SPT,Circuit Royal,Escort,33,5,27,6971,15336,0,00:14:20,860
260703_ZETA_T1_S3,5,T1,ZEST,DPS,Circuit Royal,Escort,38,7,13,12350,2322,7323,00:14:20,860
260703_ZETA_T1_S3,5,ZETA,BERNAR,TANK,Circuit Royal,Escort,21,14,7,14808,0,25631,00:14:20,860
260703_ZETA_T1_S3,5,ZETA,KNIFE,DPS,Circuit Royal,Escort,18,12,7,11139,1020,5449,00:14:20,860
260703_ZETA_T1_S3,5,ZETA,PROPER,DPS,Circuit Royal,Escort,25,12,11,12019,2016,7339,00:14:20,860
260703_ZETA_T1_S3,5,ZETA,SHU,SPT,Circuit Royal,Escort,19,12,19,7783,14287,3314,00:14:20,860
260703_ZETA_T1_S3,5,ZETA,VIOL2T,SPT,Circuit Royal,Escort,19,11,21,5458,14039,0,00:14:20,860
260704_CB_SB_S1,5,CB,ARGON,DPS,Nepal,Control,29,4,0,11302,1698,0,00:08:41,521
260704_CB_SB_S1,5,CB,GUR3UM,TANK,Nepal,Control,27,4,19,12112,3757,5500,00:08:41,521
260704_CB_SB_S1,5,CB,M1NUT2,DPS,Nepal,Control,24,5,1,10085,0,562,00:08:41,521
260704_CB_SB_S1,5,CB,TENTEN,SPT,Nepal,Control,26,5,12,7385,7296,0,00:08:41,521
260704_CB_SB_S1,5,CB,WOOCHAN,SPT,Nepal,Control,13,6,32,4070,12209,0,00:08:41,521
260704_CB_SB_S1,5,SB,AZENT,DPS,Nepal,Control,20,9,0,10826,1688,0,00:08:41,521
260704_CB_SB_S1,5,SB,SENTIER,TANK,Nepal,Control,17,8,20,11206,2678,6569,00:08:41,521
260704_CB_SB_S1,5,SB,SOAE,SPT,Nepal,Control,14,7,10,5858,8183,0,00:08:41,521
260704_CB_SB_S1,5,SB,SORI,DPS,Nepal,Control,10,9,4,7689,120,482,00:08:41,521
260704_CB_SB_S1,5,SB,UNIV2R,SPT,Nepal,Control,9,8,14,3680,12059,0,00:08:41,521
260704_CB_SB_S2,5,SB,AZENT,DPS,Aatlis,Flashpoint,24,13,0,16322,2715,0,00:14:17,857
260704_CB_SB_S2,5,SB,SENTIER,TANK,Aatlis,Flashpoint,24,12,13,18664,5209,10148,00:14:17,857
260704_CB_SB_S2,5,SB,SOAE,SPT,Aatlis,Flashpoint,18,11,15,4522,13498,0,00:14:17,857
260704_CB_SB_S2,5,SB,SORI,DPS,Aatlis,Flashpoint,20,14,0,13167,0,0,00:14:17,857
260704_CB_SB_S2,5,SB,UNIV2R,SPT,Aatlis,Flashpoint,17,11,26,6543,17218,0,00:14:17,857
260704_CB_SB_S2,5,CB,ARGON,DPS,Aatlis,Flashpoint,44,7,0,16883,2366,0,00:14:17,857
260704_CB_SB_S2,5,CB,FARMER,TANK,Aatlis,Flashpoint,44,8,30,20549,5551,11616,00:14:17,857
260704_CB_SB_S2,5,CB,M1NUT2,DPS,Aatlis,Flashpoint,36,8,0,12581,0,0,00:14:17,857
260704_CB_SB_S2,5,CB,TENTEN,SPT,Aatlis,Flashpoint,36,5,24,9755,10972,0,00:14:17,857
260704_CB_SB_S2,5,CB,WOOCHAN,SPT,Aatlis,Flashpoint,22,6,45,7581,18944,0,00:14:17,857
260704_CB_SB_S3,5,SB,AZENT,DPS,Neon Junction,Hybrid,19,13,9,11037,1187,2148,00:13:58,838
260704_CB_SB_S3,5,SB,HOMERUNBALL,TANK,Neon Junction,Hybrid,21,11,5,12887,1094,25175,00:13:58,838
260704_CB_SB_S3,5,SB,SOAE,SPT,Neon Junction,Hybrid,12,9,9,5663,9826,0,00:13:58,838
260704_CB_SB_S3,5,SB,SORI,DPS,Neon Junction,Hybrid,28,12,3,12994,225,702,00:13:58,838
260704_CB_SB_S3,5,SB,UNIV2R,SPT,Neon Junction,Hybrid,9,13,16,4851,14594,0,00:13:58,838
260704_CB_SB_S3,5,CB,ARGON,DPS,Neon Junction,Hybrid,26,8,12,11455,2573,4711,00:13:58,838
260704_CB_SB_S3,5,CB,GUR3UM,TANK,Neon Junction,Hybrid,29,7,1,15733,0,21024,00:13:58,838
260704_CB_SB_S3,5,CB,M1NUT2,DPS,Neon Junction,Hybrid,35,8,2,11763,316,681,00:13:58,838
260704_CB_SB_S3,5,CB,TENTEN,SPT,Neon Junction,Hybrid,38,7,19,8024,12240,0,00:13:58,838
260704_CB_SB_S3,5,CB,WOOCHAN,SPT,Neon Junction,Hybrid,20,5,36,5892,15388,0,00:13:58,838
260704_CR_T1_S1,5,T1,BLISS,SPT,Antarctic Peninsula,Control,26,4,31,4910,9029,2789,00:09:00,540
260704_CR_T1_S1,5,T1,DONGHAK,TANK,Antarctic Peninsula,Control,26,6,17,14709,4104,7408,00:09:00,540
260704_CR_T1_S1,5,T1,PROUD,DPS,Antarctic Peninsula,Control,30,6,5,13033,75,635,00:09:00,540
260704_CR_T1_S1,5,T1,SKEWED,SPT,Antarctic Peninsula,Control,17,5,33,5711,13878,0,00:09:00,540
260704_CR_T1_S1,5,T1,ZEST,DPS,Antarctic Peninsula,Control,23,7,5,10214,255,289,00:09:00,540
260704_CR_T1_S1,5,CR,CH0R0NG,SPT,Antarctic Peninsula,Control,18,8,18,4823,7482,2498,00:09:00,540
260704_CR_T1_S1,5,CR,HEESANG,DPS,Antarctic Peninsula,Control,18,9,0,10644,1309,0,00:09:00,540
260704_CR_T1_S1,5,CR,MAX,TANK,Antarctic Peninsula,Control,21,6,19,15156,3727,5689,00:09:00,540
260704_CR_T1_S1,5,CR,STALK3R,DPS,Antarctic Peninsula,Control,19,9,2,11246,0,705,00:09:00,540
260704_CR_T1_S1,5,CR,VIGILANTE,SPT,Antarctic Peninsula,Control,10,10,18,4198,12223,0,00:09:00,540
260704_CR_T1_S2,5,T1,BLISS,SPT,Circuit Royal,Escort,24,10,28,7722,12800,2078,00:14:16,856
260704_CR_T1_S2,5,T1,JASM1NE,TANK,Circuit Royal,Escort,15,12,5,11949,50,23512,00:14:16,856
260704_CR_T1_S2,5,T1,PROUD,DPS,Circuit Royal,Escort,27,11,2,12140,172,2912,00:14:16,856
260704_CR_T1_S2,5,T1,SKEWED,SPT,Circuit Royal,Escort,19,8,26,7830,17297,44,00:14:16,856
260704_CR_T1_S2,5,T1,ZEST,DPS,Circuit Royal,Escort,25,10,8,12818,1728,6977,00:14:16,856
260704_CR_T1_S2,5,CR,CH0R0NG,SPT,Circuit Royal,Escort,32,8,33,8214,15787,2765,00:14:16,856
260704_CR_T1_S2,5,CR,HEESANG,DPS,Circuit Royal,Escort,33,9,9,13827,346,3427,00:14:16,856
260704_CR_T1_S2,5,CR,MAX,TANK,Circuit Royal,Escort,32,9,4,15878,0,24241,00:14:16,856
260704_CR_T1_S2,5,CR,STALK3R,DPS,Circuit Royal,Escort,32,10,13,11013,2303,5672,00:14:16,856
260704_CR_T1_S2,5,CR,VIGILANTE,SPT,Circuit Royal,Escort,22,5,29,6045,15148,0,00:14:16,856
260704_CR_T1_S3,5,T1,BLISS,SPT,New Junk City,Flashpoint,24,10,28,4788,12094,735,00:14:18,858
260704_CR_T1_S3,5,T1,DONGHAK,TANK,New Junk City,Flashpoint,28,8,18,17412,4573,6963,00:14:18,858
260704_CR_T1_S3,5,T1,PROUD,DPS,New Junk City,Flashpoint,36,9,4,15448,50,751,00:14:18,858
260704_CR_T1_S3,5,T1,SKEWED,SPT,New Junk City,Flashpoint,15,12,30,5685,14885,0,00:14:18,858
260704_CR_T1_S3,5,T1,ZEST,DPS,New Junk City,Flashpoint,31,11,0,10928,1139,836,00:14:18,858
260704_CR_T1_S3,5,CR,CH0R0NG,SPT,New Junk City,Flashpoint,32,9,29,5211,8536,0,00:14:18,858
260704_CR_T1_S3,5,CR,HEESANG,DPS,New Junk City,Flashpoint,38,6,0,14059,986,0,00:14:18,858
260704_CR_T1_S3,5,CR,MAX,TANK,New Junk City,Flashpoint,34,10,30,15628,4101,8865,00:14:18,858
260704_CR_T1_S3,5,CR,STALK3R,DPS,New Junk City,Flashpoint,40,12,3,15037,230,1011,00:14:18,858
260704_CR_T1_S3,5,CR,VIGILANTE,SPT,New Junk City,Flashpoint,24,10,34,8677,14523,0,00:14:18,858
260704_CR_T1_S4,5,T1,BLISS,SPT,Hollywood,Hybrid,16,11,16,5432,12015,2778,00:15:56,956
260704_CR_T1_S4,5,T1,DONGHAK,TANK,Hollywood,Hybrid,22,9,6,12497,850,13678,00:15:56,956
260704_CR_T1_S4,5,T1,PROUD,DPS,Hollywood,Hybrid,22,12,0,15970,72,358,00:15:56,956
260704_CR_T1_S4,5,T1,SKEWED,SPT,Hollywood,Hybrid,8,8,18,5260,18677,0,00:15:56,956
260704_CR_T1_S4,5,T1,ZEST,DPS,Hollywood,Hybrid,16,11,4,9429,922,1799,00:15:56,956
260704_CR_T1_S4,5,CR,CH0R0NG,SPT,Hollywood,Hybrid,33,7,33,7808,13274,800,00:15:56,956
260704_CR_T1_S4,5,CR,HEESANG,DPS,Hollywood,Hybrid,30,7,5,14961,632,5173,00:15:56,956
260704_CR_T1_S4,5,CR,MAX,TANK,Hollywood,Hybrid,36,4,8,14664,941,22700,00:15:56,956
260704_CR_T1_S4,5,CR,STALK3R,DPS,Hollywood,Hybrid,32,7,0,15459,0,326,00:15:56,956
260704_CR_T1_S4,5,CR,VIGILANTE,SPT,Hollywood,Hybrid,18,5,43,6864,19577,0,00:15:56,956
260704_ZETA_FLC_S1,5,FLC,CHECKMATE,DPS,Ilios,Control,14,10,0,8822,1309,0,00:11:21,681
260704_ZETA_FLC_S1,5,FLC,CHIYO,SPT,Ilios,Control,23,7,12,7457,10324,0,00:11:21,681
260704_ZETA_FLC_S1,5,FLC,FIELDER,SPT,Ilios,Control,21,6,32,6314,10576,0,00:11:21,681
260704_ZETA_FLC_S1,5,FLC,HANBIN,TANK,Ilios,Control,29,9,25,14821,4091,6886,00:11:21,681
260704_ZETA_FLC_S1,5,FLC,SP1NT,DPS,Ilios,Control,31,10,4,13348,284,522,00:11:21,681
260704_ZETA_FLC_S1,5,ZETA,BERNAR,TANK,Ilios,Control,24,9,17,15215,2479,7155,00:11:21,681
260704_ZETA_FLC_S1,5,ZETA,KNIFE,DPS,Ilios,Control,18,11,0,9425,1302,0,00:11:21,681
260704_ZETA_FLC_S1,5,ZETA,PROPER,DPS,Ilios,Control,29,7,3,13973,221,617,00:11:21,681
260704_ZETA_FLC_S1,5,ZETA,SHU,SPT,Ilios,Control,17,8,30,4778,13458,0,00:11:21,681
260704_ZETA_FLC_S1,5,ZETA,VIOL2T,SPT,Ilios,Control,24,10,18,6626,9734,0,00:11:21,681
260704_ZETA_FLC_S2,5,FLC,CHECKMATE,DPS,King's Row,Hybrid,26,13,2,12828,1781,568,00:13:40,820
260704_ZETA_FLC_S2,5,FLC,CHIYO,SPT,King's Row,Hybrid,21,16,20,6612,10869,2673,00:13:40,820
260704_ZETA_FLC_S2,5,FLC,FIELDER,SPT,King's Row,Hybrid,18,11,31,6189,19429,0,00:13:40,820
260704_ZETA_FLC_S2,5,FLC,SOMEONE,TANK,King's Row,Hybrid,32,7,2,17978,798,27210,00:13:40,820
260704_ZETA_FLC_S2,5,FLC,SP1NT,DPS,King's Row,Hybrid,19,16,5,11113,0,1034,00:13:40,820
260704_ZETA_FLC_S2,5,ZETA,BERNAR,TANK,King's Row,Hybrid,36,9,19,15738,1664,7439,00:13:40,820
260704_ZETA_FLC_S2,5,ZETA,KNIFE,DPS,King's Row,Hybrid,46,6,0,15708,1847,0,00:13:40,820
260704_ZETA_FLC_S2,5,ZETA,PROPER,DPS,King's Row,Hybrid,37,10,5,15442,0,909,00:13:40,820
260704_ZETA_FLC_S2,5,ZETA,SHU,SPT,King's Row,Hybrid,22,8,41,5510,14654,0,00:13:40,820
260704_ZETA_FLC_S2,5,ZETA,VIOL2T,SPT,King's Row,Hybrid,37,7,30,9589,12699,0,00:13:40,820
260704_ZETA_FLC_S3,5,FLC,CHECKMATE,DPS,Colosseo,Push,26,9,0,8632,1531,0,00:10:32,632
260704_ZETA_FLC_S3,5,FLC,CHIYO,SPT,Colosseo,Push,22,8,21,5940,9598,2338,00:10:32,632
260704_ZETA_FLC_S3,5,FLC,FIELDER,SPT,Colosseo,Push,18,10,24,4522,13953,0,00:10:32,632
260704_ZETA_FLC_S3,5,FLC,SOMEONE,TANK,Colosseo,Push,31,7,5,15819,0,24736,00:10:32,632
260704_ZETA_FLC_S3,5,FLC,SP1NT,DPS,Colosseo,Push,25,10,2,11864,75,824,00:10:32,632
260704_ZETA_FLC_S3,5,ZETA,BERNAR,TANK,Colosseo,Push,36,7,22,12513,2557,4752,00:10:32,632
260704_ZETA_FLC_S3,5,ZETA,KNIFE,DPS,Colosseo,Push,36,7,0,15191,940,873,00:10:32,632
260704_ZETA_FLC_S3,5,ZETA,PROPER,DPS,Colosseo,Push,26,11,3,10407,22,501,00:10:32,632
260704_ZETA_FLC_S3,5,ZETA,SHU,SPT,Colosseo,Push,10,8,30,4377,13060,0,00:10:32,632
260704_ZETA_FLC_S3,5,ZETA,VIOL2T,SPT,Colosseo,Push,20,7,21,4722,10114,0,00:10:32,632
260704_ZETA_FLC_S4,5,FLC,CHECKMATE,DPS,Circuit Royal,Escort,33,8,3,14320,1403,9323,00:14:21,861
260704_ZETA_FLC_S4,5,FLC,CHIYO,SPT,Circuit Royal,Escort,36,8,41,6376,16308,0,00:14:21,861
260704_ZETA_FLC_S4,5,FLC,FIELDER,SPT,Circuit Royal,Escort,24,5,45,6949,18370,0,00:14:21,861
260704_ZETA_FLC_S4,5,FLC,SOMEONE,TANK,Circuit Royal,Escort,43,7,12,20633,1505,19325,00:14:21,861
260704_ZETA_FLC_S4,5,FLC,SP1NT,DPS,Circuit Royal,Escort,30,10,5,13415,75,0,00:14:21,861
260704_ZETA_FLC_S4,5,ZETA,BERNAR,TANK,Circuit Royal,Escort,32,12,11,17459,1035,24902,00:14:21,861
260704_ZETA_FLC_S4,5,ZETA,KNIFE,DPS,Circuit Royal,Escort,24,15,0,13546,591,307,00:14:21,861
260704_ZETA_FLC_S4,5,ZETA,PROPER,DPS,Circuit Royal,Escort,27,11,4,13296,1436,8286,00:14:21,861
260704_ZETA_FLC_S4,5,ZETA,SHU,SPT,Circuit Royal,Escort,10,11,26,6268,18188,0,00:14:21,861
260704_ZETA_FLC_S4,5,ZETA,VIOL2T,SPT,Circuit Royal,Escort,16,12,22,7712,11928,194,00:14:21,861
260704_ZETA_FLC_S5,5,FLC,CHECKMATE,DPS,New Junk City,Flashpoint,13,9,0,8209,1120,566,00:08:03,483
260704_ZETA_FLC_S5,5,FLC,CHIYO,SPT,New Junk City,Flashpoint,12,6,8,3436,7377,0,00:08:03,483
260704_ZETA_FLC_S5,5,FLC,FIELDER,SPT,New Junk City,Flashpoint,9,11,18,4091,7762,0,00:08:03,483
260704_ZETA_FLC_S5,5,FLC,HANBIN,TANK,New Junk City,Flashpoint,11,10,11,8283,2750,4501,00:08:03,483
260704_ZETA_FLC_S5,5,FLC,SP1NT,DPS,New Junk City,Flashpoint,11,10,1,8137,0,605,00:08:03,483
260704_ZETA_FLC_S5,5,ZETA,BERNAR,TANK,New Junk City,Flashpoint,31,4,22,10564,2276,3136,00:08:03,483
260704_ZETA_FLC_S5,5,ZETA,KNIFE,DPS,New Junk City,Flashpoint,22,6,2,7876,893,282,00:08:03,483
260704_ZETA_FLC_S5,5,ZETA,PROPER,DPS,New Junk City,Flashpoint,28,3,2,10775,0,610,00:08:03,483
260704_ZETA_FLC_S5,5,ZETA,SHU,SPT,New Junk City,Flashpoint,19,4,34,5290,9514,0,00:08:03,483
260704_ZETA_FLC_S5,5,ZETA,VIOL2T,SPT,New Junk City,Flashpoint,29,3,16,5026,6801,0,00:08:03,483
260705_O2_CB_S1,5,O2,FAITH,SPT,Antarctic Peninsula,Control,34,7,28,6944,12738,0,00:12:39,759
260705_O2_CB_S1,5,O2,FATE,TANK,Antarctic Peninsula,Control,36,10,30,17048,4467,6758,00:12:39,759
260705_O2_CB_S1,5,O2,MISIN,SPT,Antarctic Peninsula,Control,25,9,35,6890,17042,0,00:12:39,759
260705_O2_CB_S1,5,O2,PERR,DPS,Antarctic Peninsula,Control,36,8,9,13838,0,460,00:12:39,759
260705_O2_CB_S1,5,O2,WUTIAN,DPS,Antarctic Peninsula,Control,32,10,0,14477,2299,0,00:12:39,759
260705_O2_CB_S1,5,CB,ARGON,DPS,Antarctic Peninsula,Control,33,9,0,14694,2242,0,00:12:39,759
260705_O2_CB_S1,5,CB,GUR3UM,TANK,Antarctic Peninsula,Control,29,13,23,15634,4614,9857,00:12:39,759
260705_O2_CB_S1,5,CB,M1NUT2,DPS,Antarctic Peninsula,Control,26,12,3,13451,0,553,00:12:39,759
260705_O2_CB_S1,5,CB,TENTEN,SPT,Antarctic Peninsula,Control,26,6,21,7775,11184,0,00:12:39,759
260705_O2_CB_S1,5,CB,WOOCHAN,SPT,Antarctic Peninsula,Control,22,11,28,8723,13958,0,00:12:39,759
260705_O2_CB_S2,5,CB,ARGON,DPS,Neon Junction,Hybrid,17,5,13,8103,1827,2394,00:11:18,678
260705_O2_CB_S2,5,CB,GUR3UM,TANK,Neon Junction,Hybrid,24,5,7,12520,0,17974,00:11:18,678
260705_O2_CB_S2,5,CB,M1NUT2,DPS,Neon Junction,Hybrid,22,6,6,11307,43,372,00:11:18,678
260705_O2_CB_S2,5,CB,TENTEN,SPT,Neon Junction,Hybrid,21,1,16,4664,10847,0,00:11:18,678
260705_O2_CB_S2,5,CB,WOOCHAN,SPT,Neon Junction,Hybrid,14,4,26,4044,13128,0,00:11:18,678
260705_O2_CB_S2,5,O2,FAITH,SPT,Neon Junction,Hybrid,9,6,10,1801,8967,0,00:11:18,678
260705_O2_CB_S2,5,O2,MISIN,SPT,Neon Junction,Hybrid,7,7,10,3624,13986,0,00:11:18,678
260705_O2_CB_S2,5,O2,PERR,DPS,Neon Junction,Hybrid,11,8,3,10445,0,906,00:11:18,678
260705_O2_CB_S2,5,O2,SEUNGAN,TANK,Neon Junction,Hybrid,16,6,4,12150,0,23086,00:11:18,678
260705_O2_CB_S2,5,O2,WUTIAN,DPS,Neon Junction,Hybrid,15,8,5,7955,1410,3409,00:11:18,678
260705_O2_CB_S3,5,O2,FAITH,SPT,New Junk City,Flashpoint,13,4,5,3162,8528,0,00:09:20,560
260705_O2_CB_S3,5,O2,FATE,TANK,New Junk City,Flashpoint,19,3,5,8440,1331,7458,00:09:20,560
260705_O2_CB_S3,5,O2,MISIN,SPT,New Junk City,Flashpoint,12,4,13,3441,9946,0,00:09:20,560
260705_O2_CB_S3,5,O2,PERR,DPS,New Junk City,Flashpoint,19,5,2,7775,75,623,00:09:20,560
260705_O2_CB_S3,5,O2,WUTIAN,DPS,New Junk City,Flashpoint,14,1,0,7443,274,0,00:09:20,560
260705_O2_CB_S3,5,CB,ARGON,DPS,New Junk City,Flashpoint,11,6,0,6604,379,71,00:09:20,560
260705_O2_CB_S3,5,CB,FARMER,TANK,New Junk City,Flashpoint,12,4,5,7611,1534,5263,00:09:20,560
260705_O2_CB_S3,5,CB,M1NUT2,DPS,New Junk City,Flashpoint,10,6,3,10032,0,897,00:09:20,560
260705_O2_CB_S3,5,CB,TENTEN,SPT,New Junk City,Flashpoint,8,2,12,2979,8361,0,00:09:20,560
260705_O2_CB_S3,5,CB,WOOCHAN,SPT,New Junk City,Flashpoint,7,7,8,4222,6955,0,00:09:20,560
260705_O2_CB_S4,5,CB,ARGON,DPS,Colosseo,Push,23,6,0,12993,1991,0,00:11:03,663
260705_O2_CB_S4,5,CB,GUR3UM,TANK,Colosseo,Push,22,7,19,16473,3517,9381,00:11:03,663
260705_O2_CB_S4,5,CB,M1NUT2,DPS,Colosseo,Push,20,10,1,11348,150,319,00:11:03,663
260705_O2_CB_S4,5,CB,TENTEN,SPT,Colosseo,Push,16,7,16,4588,11163,0,00:11:03,663
260705_O2_CB_S4,5,CB,WOOCHAN,SPT,Colosseo,Push,16,12,25,5783,12941,0,00:11:03,663
260705_O2_CB_S4,5,O2,FAITH,SPT,Colosseo,Push,23,3,25,5508,10744,0,00:11:03,663
260705_O2_CB_S4,5,O2,FATE,TANK,Colosseo,Push,33,7,22,16653,3668,8401,00:11:03,663
260705_O2_CB_S4,5,O2,MISIN,SPT,Colosseo,Push,15,7,33,5625,15302,0,00:11:03,663
260705_O2_CB_S4,5,O2,PERR,DPS,Colosseo,Push,21,8,3,11526,0,658,00:11:03,663
260705_O2_CB_S4,5,O2,WUTIAN,DPS,Colosseo,Push,28,7,0,13083,2185,0,00:11:03,663
260705_CR_ZETA_S1,5,CR,CH0R0NG,SPT,Antarctic Peninsula,Control,27,12,31,8361,12488,3285,00:14:10,850
260705_CR_ZETA_S1,5,CR,HEESANG,DPS,Antarctic Peninsula,Control,32,14,0,13825,2200,0,00:14:10,850
260705_CR_ZETA_S1,5,CR,MAX,TANK,Antarctic Peninsula,Control,35,10,25,21759,4054,9041,00:14:10,850
260705_CR_ZETA_S1,5,CR,STALK3R,DPS,Antarctic Peninsula,Control,35,11,5,19766,0,655,00:14:10,850
260705_CR_ZETA_S1,5,CR,VIGILANTE,SPT,Antarctic Peninsula,Control,17,9,36,8688,20937,0,00:14:10,850
260705_CR_ZETA_S1,5,ZETA,BERNAR,TANK,Antarctic Peninsula,Control,45,9,37,20500,5335,9867,00:14:10,850
260705_CR_ZETA_S1,5,ZETA,KNIFE,DPS,Antarctic Peninsula,Control,35,11,0,13915,2259,0,00:14:10,850
260705_CR_ZETA_S1,5,ZETA,PROPER,DPS,Antarctic Peninsula,Control,45,11,7,21886,0,675,00:14:10,850
260705_CR_ZETA_S1,5,ZETA,SHU,SPT,Antarctic Peninsula,Control,24,9,43,7637,20495,0,00:14:10,850
260705_CR_ZETA_S1,5,ZETA,VIOL2T,SPT,Antarctic Peninsula,Control,29,7,33,8867,14414,4588,00:14:10,850
260705_CR_ZETA_S2,5,ZETA,BERNAR,TANK,King's Row,Hybrid,22,11,6,15392,832,22838,00:16:16,976
260705_CR_ZETA_S2,5,ZETA,KNIFE,DPS,King's Row,Hybrid,19,12,1,10718,1822,2413,00:16:16,976
260705_CR_ZETA_S2,5,ZETA,PROPER,DPS,King's Row,Hybrid,24,12,4,16438,45,831,00:16:16,976
260705_CR_ZETA_S2,5,ZETA,SHU,SPT,King's Row,Hybrid,14,10,21,5783,20862,103,00:16:16,976
260705_CR_ZETA_S2,5,ZETA,VIOL2T,SPT,King's Row,Hybrid,18,12,16,6942,12576,1137,00:16:16,976
260705_CR_ZETA_S2,5,CR,CH0R0NG,SPT,King's Row,Hybrid,33,7,37,7742,15624,1757,00:16:16,976
260705_CR_ZETA_S2,5,CR,HEESANG,DPS,King's Row,Hybrid,34,8,10,13832,1110,1945,00:16:16,976
260705_CR_ZETA_S2,5,CR,MAX,TANK,King's Row,Hybrid,36,6,13,17856,318,21810,00:16:16,976
260705_CR_ZETA_S2,5,CR,STALK3R,DPS,King's Row,Hybrid,42,10,2,15483,0,443,00:16:16,976
260705_CR_ZETA_S2,5,CR,VIGILANTE,SPT,King's Row,Hybrid,28,4,43,7951,21330,0,00:16:16,976
260705_CR_ZETA_S3,5,CR,CH0R0NG,SPT,Colosseo,Push,22,9,16,4991,7618,784,00:10:05,605
260705_CR_ZETA_S3,5,CR,HEESANG,DPS,Colosseo,Push,25,7,0,8582,401,0,00:10:05,605
260705_CR_ZETA_S3,5,CR,MAX,TANK,Colosseo,Push,32,4,22,9414,1863,14328,00:10:05,605
260705_CR_ZETA_S3,5,CR,STALK3R,DPS,Colosseo,Push,25,8,6,9382,0,646,00:10:05,605
260705_CR_ZETA_S3,5,CR,VIGILANTE,SPT,Colosseo,Push,15,6,23,6024,9685,0,00:10:05,605
260705_CR_ZETA_S3,5,ZETA,BERNAR,TANK,Colosseo,Push,21,8,10,9484,1704,6803,00:10:05,605
260705_CR_ZETA_S3,5,ZETA,KNIFE,DPS,Colosseo,Push,21,8,4,11505,116,825,00:10:05,605
260705_CR_ZETA_S3,5,ZETA,PROPER,DPS,Colosseo,Push,15,10,2,7244,24,326,00:10:05,605
260705_CR_ZETA_S3,5,ZETA,SHU,SPT,Colosseo,Push,11,9,19,4730,8646,0,00:10:05,605
260705_CR_ZETA_S3,5,ZETA,VIOL2T,SPT,Colosseo,Push,16,8,14,3324,8566,0,00:10:05,605
260705_CR_ZETA_S4,5,CR,CH0R0NG,SPT,New Junk City,Flashpoint,30,7,31,6866,7392,2853,00:11:43,703
260705_CR_ZETA_S4,5,CR,HEESANG,DPS,New Junk City,Flashpoint,37,8,0,12772,1788,0,00:11:43,703
260705_CR_ZETA_S4,5,CR,MAX,TANK,New Junk City,Flashpoint,34,4,20,14307,2378,16165,00:11:43,703
260705_CR_ZETA_S4,5,CR,STALK3R,DPS,New Junk City,Flashpoint,30,7,1,9217,51,149,00:11:43,703
260705_CR_ZETA_S4,5,CR,VIGILANTE,SPT,New Junk City,Flashpoint,30,5,39,6204,15261,0,00:11:43,703
260705_CR_ZETA_S4,5,ZETA,BERNAR,TANK,New Junk City,Flashpoint,13,12,10,13473,1939,4512,00:11:43,703
260705_CR_ZETA_S4,5,ZETA,KNIFE,DPS,New Junk City,Flashpoint,17,11,0,8531,1463,0,00:11:43,703
260705_CR_ZETA_S4,5,ZETA,PROPER,DPS,New Junk City,Flashpoint,24,9,1,13838,71,663,00:11:43,703
260705_CR_ZETA_S4,5,ZETA,SHU,SPT,New Junk City,Flashpoint,6,12,18,4301,10252,0,00:11:43,703
260705_CR_ZETA_S4,5,ZETA,VIOL2T,SPT,New Junk City,Flashpoint,13,13,13,5611,9135,0,00:11:43,703
260705_T1_FLC_S1,5,T1,BLISS,SPT,Ilios,Control,18,4,21,3040,8408,0,00:08:59,539
260705_T1_FLC_S1,5,T1,DONGHAK,TANK,Ilios,Control,19,5,9,11848,3138,4654,00:08:59,539
260705_T1_FLC_S1,5,T1,PROUD,DPS,Ilios,Control,25,7,4,13054,165,1892,00:08:59,539
260705_T1_FLC_S1,5,T1,SKEWED,SPT,Ilios,Control,16,6,21,4090,8468,0,00:08:59,539
260705_T1_FLC_S1,5,T1,ZEST,DPS,Ilios,Control,26,5,0,6995,582,0,00:08:59,539
260705_T1_FLC_S1,5,FLC,CHECKMATE,DPS,Ilios,Control,11,8,3,9815,236,1715,00:08:59,539
260705_T1_FLC_S1,5,FLC,CHIYO,SPT,Ilios,Control,10,6,9,4163,7544,0,00:08:59,539
260705_T1_FLC_S1,5,FLC,FIELDER,SPT,Ilios,Control,15,6,19,3973,8497,0,00:08:59,539
260705_T1_FLC_S1,5,FLC,HANBIN,TANK,Ilios,Control,17,8,9,9474,2621,6263,00:08:59,539
260705_T1_FLC_S1,5,FLC,SP1NT,DPS,Ilios,Control,22,7,1,9512,143,753,00:08:59,539
260705_T1_FLC_S2,5,T1,BLISS,SPT,King's Row,Hybrid,19,5,17,6195,11272,1689,00:14:21,861
260705_T1_FLC_S2,5,T1,JASM1NE,TANK,King's Row,Hybrid,18,8,5,18626,992,19619,00:14:21,861
260705_T1_FLC_S2,5,T1,PROUD,DPS,King's Row,Hybrid,24,5,0,15923,0,18,00:14:21,861
260705_T1_FLC_S2,5,T1,SKEWED,SPT,King's Row,Hybrid,17,5,24,6400,18090,0,00:14:21,861
260705_T1_FLC_S2,5,T1,ZEST,DPS,King's Row,Hybrid,22,7,6,10062,772,2093,00:14:21,861
260705_T1_FLC_S2,5,FLC,CHECKMATE,DPS,King's Row,Hybrid,23,6,10,10806,3004,8524,00:14:21,861
260705_T1_FLC_S2,5,FLC,CHIYO,SPT,King's Row,Hybrid,15,5,8,5541,15841,0,00:14:21,861
260705_T1_FLC_S2,5,FLC,FIELDER,SPT,King's Row,Hybrid,13,6,23,5990,18384,0,00:14:21,861
260705_T1_FLC_S2,5,FLC,SOMEONE,TANK,King's Row,Hybrid,16,9,3,15278,730,26273,00:14:21,861
260705_T1_FLC_S2,5,FLC,SP1NT,DPS,King's Row,Hybrid,22,9,2,12140,181,497,00:14:21,861
260705_T1_FLC_S3,5,FLC,CHECKMATE,DPS,Colosseo,Push,1,7,1,4187,197,1840,00:06:33,393
260705_T1_FLC_S3,5,FLC,CHIYO,SPT,Colosseo,Push,3,7,1,2268,7383,0,00:06:33,393
260705_T1_FLC_S3,5,FLC,FIELDER,SPT,Colosseo,Push,0,8,1,1682,8310,852,00:06:33,393
260705_T1_FLC_S3,5,FLC,SOMEONE,TANK,Colosseo,Push,2,5,1,5974,439,10925,00:06:33,393
260705_T1_FLC_S3,5,FLC,SP1NT,DPS,Colosseo,Push,1,7,0,5430,0,835,00:06:33,393
260705_T1_FLC_S3,5,T1,BLISS,SPT,Colosseo,Push,13,0,18,1293,6693,0,00:06:33,393
260705_T1_FLC_S3,5,T1,JASM1NE,TANK,Colosseo,Push,16,0,2,7853,0,10154,00:06:33,393
260705_T1_FLC_S3,5,T1,PROUD,DPS,Colosseo,Push,28,0,4,11338,114,599,00:06:33,393
260705_T1_FLC_S3,5,T1,SKEWED,SPT,Colosseo,Push,13,1,19,3418,8348,0,00:06:33,393
260705_T1_FLC_S3,5,T1,ZEST,DPS,Colosseo,Push,16,3,1,6967,225,336,00:06:33,393
260710_FLC_ROZE_S1,6,FLC,CHECKMATE,DPS,Antarctic Peninsula,Control,21,6,3,10423,482,1317,00:11:58,718
260710_FLC_ROZE_S1,6,FLC,CHIYO,SPT,Antarctic Peninsula,Control,10,10,17,6807,9586,2298,00:11:58,718
260710_FLC_ROZE_S1,6,FLC,FIELDER,SPT,Antarctic Peninsula,Control,10,8,20,5888,16754,0,00:11:58,718
260710_FLC_ROZE_S1,6,FLC,HANBIN,TANK,Antarctic Peninsula,Control,19,11,11,18073,5137,11000,00:11:58,718
260710_FLC_ROZE_S1,6,FLC,SP1NT,DPS,Antarctic Peninsula,Control,15,9,1,12355,0,613,00:11:58,718
260710_FLC_ROZE_S1,6,ROZE,BECKY,DPS,Antarctic Peninsula,Control,27,7,5,10591,380,1449,00:11:58,718
260710_FLC_ROZE_S1,6,ROZE,HEISER,TANK,Antarctic Peninsula,Control,31,4,15,20571,4407,8541,00:11:58,718
260710_FLC_ROZE_S1,6,ROZE,IRONY,SPT,Antarctic Peninsula,Control,12,7,27,6074,18170,0,00:11:58,718
260710_FLC_ROZE_S1,6,ROZE,OPENER,SPT,Antarctic Peninsula,Control,21,6,18,5705,9549,1976,00:11:58,718
260710_FLC_ROZE_S1,6,ROZE,PROBE,DPS,Antarctic Peninsula,Control,29,7,6,15909,37,394,00:11:58,718
260710_FLC_ROZE_S2,6,FLC,CHECKMATE,DPS,New Junk City,Flashpoint,8,7,0,7595,1491,0,00:09:04,544
260710_FLC_ROZE_S2,6,FLC,CHIYO,SPT,New Junk City,Flashpoint,11,7,10,5013,6265,1618,00:09:04,544
260710_FLC_ROZE_S2,6,FLC,FIELDER,SPT,New Junk City,Flashpoint,8,8,15,4097,12252,0,00:09:04,544
260710_FLC_ROZE_S2,6,FLC,HANBIN,TANK,New Junk City,Flashpoint,18,7,14,11872,3833,5650,00:09:04,544
260710_FLC_ROZE_S2,6,FLC,SP1NT,DPS,New Junk City,Flashpoint,19,8,1,9298,344,665,00:09:04,544
260710_FLC_ROZE_S2,6,ROZE,BECKY,DPS,New Junk City,Flashpoint,23,5,6,8433,220,688,00:09:04,544
260710_FLC_ROZE_S2,6,ROZE,HEISER,TANK,New Junk City,Flashpoint,28,5,17,13700,3143,6506,00:09:04,544
260710_FLC_ROZE_S2,6,ROZE,IRONY,SPT,New Junk City,Flashpoint,13,4,29,4925,12650,0,00:09:04,544
260710_FLC_ROZE_S2,6,ROZE,OPENER,SPT,New Junk City,Flashpoint,17,5,19,4330,6497,1543,00:09:04,544
260710_FLC_ROZE_S2,6,ROZE,PROBE,DPS,New Junk City,Flashpoint,29,3,2,12235,75,455,00:09:04,544
260710_FLC_ROZE_S3,6,ROZE,BECKY,DPS,Circuit Royal,Escort,25,11,4,12642,768,7471,00:16:04,964
260710_FLC_ROZE_S3,6,ROZE,HEISER,TANK,Circuit Royal,Escort,26,11,8,17922,678,26190,00:16:04,964
260710_FLC_ROZE_S3,6,ROZE,IRONY,SPT,Circuit Royal,Escort,9,10,25,4361,20037,0,00:16:04,964
260710_FLC_ROZE_S3,6,ROZE,KILO,DPS,Circuit Royal,Escort,32,10,1,16037,0,81,00:16:04,964
260710_FLC_ROZE_S3,6,ROZE,OPENER,SPT,Circuit Royal,Escort,16,11,19,6330,12593,2018,00:16:04,964
260710_FLC_ROZE_S3,6,FLC,CHECKMATE,DPS,Circuit Royal,Escort,44,8,12,14586,1473,12307,00:16:04,964
260710_FLC_ROZE_S3,6,FLC,CHIYO,SPT,Circuit Royal,Escort,26,8,30,7426,14686,4116,00:16:04,964
260710_FLC_ROZE_S3,6,FLC,FIELDER,SPT,Circuit Royal,Escort,19,6,48,4823,22382,0,00:16:04,964
260710_FLC_ROZE_S3,6,FLC,SOMEONE,TANK,Circuit Royal,Escort,31,6,3,17422,0,35450,00:16:04,964
260710_FLC_ROZE_S3,6,FLC,SP1NT,DPS,Circuit Royal,Escort,33,11,6,13486,105,1688,00:16:04,964
260710_FLC_ROZE_S4,6,ROZE,BECKY,DPS,Neon Junction,Hybrid,18,10,4,14143,757,7405,00:12:32,752
260710_FLC_ROZE_S4,6,ROZE,HEISER,TANK,Neon Junction,Hybrid,20,9,4,15588,0,26852,00:12:32,752
260710_FLC_ROZE_S4,6,ROZE,IRONY,SPT,Neon Junction,Hybrid,16,7,20,3509,18134,0,00:12:32,752
260710_FLC_ROZE_S4,6,ROZE,KILO,DPS,Neon Junction,Hybrid,23,13,2,12378,98,800,00:12:32,752
260710_FLC_ROZE_S4,6,ROZE,OPENER,SPT,Neon Junction,Hybrid,12,10,19,6687,13623,1515,00:12:32,752
260710_FLC_ROZE_S4,6,FLC,CHECKMATE,DPS,Neon Junction,Hybrid,35,9,8,14100,1170,6216,00:12:32,752
260710_FLC_ROZE_S4,6,FLC,CHIYO,SPT,Neon Junction,Hybrid,24,6,29,6213,13806,3358,00:12:32,752
260710_FLC_ROZE_S4,6,FLC,FIELDER,SPT,Neon Junction,Hybrid,17,5,38,3602,19150,0,00:12:32,752
260710_FLC_ROZE_S4,6,FLC,SOMEONE,TANK,Neon Junction,Hybrid,31,5,8,16474,20,27368,00:12:32,752
260710_FLC_ROZE_S4,6,FLC,SP1NT,DPS,Neon Junction,Hybrid,32,5,13,12231,956,5019,00:12:32,752
260710_FLC_ROZE_S5,6,ROZE,BECKY,DPS,Colosseo,Push,25,6,5,11996,572,944,00:10:29,629
260710_FLC_ROZE_S5,6,ROZE,HEISER,TANK,Colosseo,Push,21,7,10,10107,2582,5205,00:10:29,629
260710_FLC_ROZE_S5,6,ROZE,IRONY,SPT,Colosseo,Push,10,7,29,4281,11239,0,00:10:29,629
260710_FLC_ROZE_S5,6,ROZE,OPENER,SPT,Colosseo,Push,16,7,18,4066,8136,1196,00:10:29,629
260710_FLC_ROZE_S5,6,ROZE,PROBE,DPS,Colosseo,Push,29,5,2,13233,210,199,00:10:29,629
260710_FLC_ROZE_S5,6,FLC,CHECKMATE,DPS,Colosseo,Push,20,9,0,9441,1401,0,00:10:29,629
260710_FLC_ROZE_S5,6,FLC,CHIYO,SPT,Colosseo,Push,16,7,14,5066,8374,3082,00:10:29,629
260710_FLC_ROZE_S5,6,FLC,FIELDER,SPT,Colosseo,Push,12,7,23,3592,14940,0,00:10:29,629
260710_FLC_ROZE_S5,6,FLC,SOMEONE,TANK,Colosseo,Push,21,6,5,14352,0,17675,00:10:29,629
260710_FLC_ROZE_S5,6,FLC,SP1NT,DPS,Colosseo,Push,17,9,0,7959,142,784,00:10:29,629
260710_FLC_ROZE_S6,6,FLC,CHECKMATE,DPS,Nepal,Control,19,7,2,10978,510,3060,00:10:02,602
260710_FLC_ROZE_S6,6,FLC,CHIYO,SPT,Nepal,Control,15,5,13,5889,7005,1071,00:10:02,602
260710_FLC_ROZE_S6,6,FLC,FIELDER,SPT,Nepal,Control,11,7,15,4794,11700,0,00:10:02,602
260710_FLC_ROZE_S6,6,FLC,SOMEONE,TANK,Nepal,Control,18,5,5,7874,1306,20274,00:10:02,602
260710_FLC_ROZE_S6,6,FLC,SP1NT,DPS,Nepal,Control,14,8,4,12614,86,1064,00:10:02,602
260710_FLC_ROZE_S6,6,ROZE,BECKY,DPS,Nepal,Control,17,5,6,8034,1727,2309,00:10:02,602
260710_FLC_ROZE_S6,6,ROZE,HEISER,TANK,Nepal,Control,20,5,10,9047,1578,3786,00:10:02,602
260710_FLC_ROZE_S6,6,ROZE,IRONY,SPT,Nepal,Control,6,5,22,3294,15155,0,00:10:02,602
260710_FLC_ROZE_S6,6,ROZE,OPENER,SPT,Nepal,Control,7,5,14,3036,7825,1731,00:10:02,602
260710_FLC_ROZE_S6,6,ROZE,PROBE,DPS,Nepal,Control,26,5,3,12634,66,259,00:10:02,602
260710_ZETA_O2_S1,6,O2,FAITH,SPT,Antarctic Peninsula,Control,6,5,4,2575,2132,339,00:05:52,352
260710_ZETA_O2_S1,6,O2,FATE,TANK,Antarctic Peninsula,Control,5,6,3,3646,624,9586,00:05:52,352
260710_ZETA_O2_S1,6,O2,MISIN,SPT,Antarctic Peninsula,Control,5,7,9,2140,6749,0,00:05:52,352
260710_ZETA_O2_S1,6,O2,PERR,DPS,Antarctic Peninsula,Control,5,6,1,3493,150,249,00:05:52,352
260710_ZETA_O2_S1,6,O2,WUTIAN,DPS,Antarctic Peninsula,Control,4,6,0,2611,134,0,00:05:52,352
260710_ZETA_O2_S1,6,ZETA,BERNAR,TANK,Antarctic Peninsula,Control,13,1,2,5265,0,7686,00:05:52,352
260710_ZETA_O2_S1,6,ZETA,KNIFE,DPS,Antarctic Peninsula,Control,19,1,0,6366,0,0,00:05:52,352
260710_ZETA_O2_S1,6,ZETA,PROPER,DPS,Antarctic Peninsula,Control,15,2,0,4879,0,0,00:05:52,352
260710_ZETA_O2_S1,6,ZETA,SHU,SPT,Antarctic Peninsula,Control,8,2,14,2625,6285,0,00:05:52,352
260710_ZETA_O2_S1,6,ZETA,VIOL2T,SPT,Antarctic Peninsula,Control,11,3,8,3030,3837,291,00:05:52,352
260710_ZETA_O2_S2,6,O2,FAITH,SPT,Aatlis,Flashpoint,31,13,21,5767,14847,0,00:15:05,905
260710_ZETA_O2_S2,6,O2,FATE,TANK,Aatlis,Flashpoint,41,13,28,21906,5826,10934,00:15:05,905
260710_ZETA_O2_S2,6,O2,MISIN,SPT,Aatlis,Flashpoint,26,17,35,6281,17169,0,00:15:05,905
260710_ZETA_O2_S2,6,O2,PERR,DPS,Aatlis,Flashpoint,34,13,5,17554,696,1576,00:15:05,905
260710_ZETA_O2_S2,6,O2,WUTIAN,DPS,Aatlis,Flashpoint,34,17,1,14166,1701,387,00:15:05,905
260710_ZETA_O2_S2,6,ZETA,BERNAR,TANK,Aatlis,Flashpoint,54,10,32,23502,3406,12543,00:15:05,905
260710_ZETA_O2_S2,6,ZETA,KNIFE,DPS,Aatlis,Flashpoint,40,16,5,17617,116,2681,00:15:05,905
260710_ZETA_O2_S2,6,ZETA,PROPER,DPS,Aatlis,Flashpoint,42,9,0,15421,746,0,00:15:05,905
260710_ZETA_O2_S2,6,ZETA,SHU,SPT,Aatlis,Flashpoint,38,11,52,9250,15774,0,00:15:05,905
260710_ZETA_O2_S2,6,ZETA,VIOL2T,SPT,Aatlis,Flashpoint,48,10,33,9204,14342,818,00:15:05,905
260710_ZETA_O2_S3,6,O2,FAITH,SPT,Colosseo,Push,19,13,20,4682,5655,1614,00:10:24,624
260710_ZETA_O2_S3,6,O2,FATE,TANK,Colosseo,Push,19,10,11,13338,3276,7715,00:10:24,624
260710_ZETA_O2_S3,6,O2,MISIN,SPT,Colosseo,Push,13,10,21,4945,13160,0,00:10:24,624
260710_ZETA_O2_S3,6,O2,PERR,DPS,Colosseo,Push,20,11,6,10224,318,834,00:10:24,624
260710_ZETA_O2_S3,6,O2,WUTIAN,DPS,Colosseo,Push,22,12,0,9712,1311,0,00:10:24,624
260710_ZETA_O2_S3,6,ZETA,BERNAR,TANK,Colosseo,Push,38,6,26,14256,3316,8129,00:10:24,624
260710_ZETA_O2_S3,6,ZETA,KNIFE,DPS,Colosseo,Push,31,10,3,11653,1,754,00:10:24,624
260710_ZETA_O2_S3,6,ZETA,PROPER,DPS,Colosseo,Push,38,6,2,12051,49,446,00:10:24,624
260710_ZETA_O2_S3,6,ZETA,SHU,SPT,Colosseo,Push,22,6,38,4980,13730,0,00:10:24,624
260710_ZETA_O2_S3,6,ZETA,VIOL2T,SPT,Colosseo,Push,40,3,17,7501,7592,0,00:10:24,624
260710_ZETA_O2_S4,6,O2,FAITH,SPT,Hollywood,Hybrid,13,15,14,4976,9308,139,00:15:59,959
260710_ZETA_O2_S4,6,O2,MISIN,SPT,Hollywood,Hybrid,15,19,14,5786,8684,440,00:15:59,959
260710_ZETA_O2_S4,6,O2,PERR,DPS,Hollywood,Hybrid,21,19,2,10777,0,601,00:15:59,959
260710_ZETA_O2_S4,6,O2,SEUNGAN,TANK,Hollywood,Hybrid,23,13,3,10953,645,23300,00:15:59,959
260710_ZETA_O2_S4,6,O2,WUTIAN,DPS,Hollywood,Hybrid,21,8,0,8599,106,0,00:15:59,959
260710_ZETA_O2_S4,6,ZETA,BERNAR,TANK,Hollywood,Hybrid,43,6,15,13429,1602,22332,00:15:59,959
260710_ZETA_O2_S4,6,ZETA,KNIFE,DPS,Hollywood,Hybrid,38,12,1,14542,0,234,00:15:59,959
260710_ZETA_O2_S4,6,ZETA,PROPER,DPS,Hollywood,Hybrid,37,6,0,10915,0,0,00:15:59,959
260710_ZETA_O2_S4,6,ZETA,SHU,SPT,Hollywood,Hybrid,27,10,35,7422,7619,905,00:15:59,959
260710_ZETA_O2_S4,6,ZETA,VIOL2T,SPT,Hollywood,Hybrid,31,8,26,6442,11215,0,00:15:59,959
260711_CR_ROZE_S1,6,CR,CH0R0NG,SPT,Antarctic Peninsula,Control,11,8,15,5882,6309,485,00:09:53,593
260711_CR_ROZE_S1,6,CR,HEESANG,DPS,Antarctic Peninsula,Control,19,2,0,7024,75,0,00:09:53,593
260711_CR_ROZE_S1,6,CR,MAX,TANK,Antarctic Peninsula,Control,21,5,4,10203,0,12224,00:09:53,593
260711_CR_ROZE_S1,6,CR,STALK3R,DPS,Antarctic Peninsula,Control,16,7,0,6005,0,0,00:09:53,593
260711_CR_ROZE_S1,6,CR,VIGILANTE,SPT,Antarctic Peninsula,Control,12,3,16,4349,8174,0,00:09:53,593
260711_CR_ROZE_S1,6,ROZE,BECKY,DPS,Antarctic Peninsula,Control,11,6,3,6426,213,695,00:09:53,593
260711_CR_ROZE_S1,6,ROZE,HEISER,TANK,Antarctic Peninsula,Control,15,7,2,7659,2157,4736,00:09:53,593
260711_CR_ROZE_S1,6,ROZE,IRONY,SPT,Antarctic Peninsula,Control,6,5,14,2834,10656,0,00:09:53,593
260711_CR_ROZE_S1,6,ROZE,OPENER,SPT,Antarctic Peninsula,Control,10,4,11,2740,6477,1152,00:09:53,593
260711_CR_ROZE_S1,6,ROZE,PROBE,DPS,Antarctic Peninsula,Control,18,4,2,7926,71,315,00:09:53,593
260711_CR_ROZE_S2,6,ROZE,BECKY,DPS,New Junk City,Flashpoint,34,11,3,14090,1208,918,00:14:49,889
260711_CR_ROZE_S2,6,ROZE,HEISER,TANK,New Junk City,Flashpoint,32,9,18,20150,4279,6101,00:14:49,889
260711_CR_ROZE_S2,6,ROZE,IRONY,SPT,New Junk City,Flashpoint,31,8,35,10073,20353,0,00:14:49,889
260711_CR_ROZE_S2,6,ROZE,OPENER,SPT,New Junk City,Flashpoint,14,13,12,5276,8239,0,00:14:49,889
260711_CR_ROZE_S2,6,ROZE,PROBE,DPS,New Junk City,Flashpoint,25,12,2,14922,0,753,00:14:49,889
260711_CR_ROZE_S2,6,CR,CH0R0NG,SPT,New Junk City,Flashpoint,27,6,19,8606,9779,1097,00:14:49,889
260711_CR_ROZE_S2,6,CR,HEESANG,DPS,New Junk City,Flashpoint,32,10,0,14647,2620,0,00:14:49,889
260711_CR_ROZE_S2,6,CR,JUNBIN,TANK,New Junk City,Flashpoint,30,10,21,16451,4676,7050,00:14:49,889
260711_CR_ROZE_S2,6,CR,STALK3R,DPS,New Junk City,Flashpoint,28,11,3,14497,599,436,00:14:49,889
260711_CR_ROZE_S2,6,CR,VIGILANTE,SPT,New Junk City,Flashpoint,27,8,26,7456,19896,0,00:14:49,889
260711_CR_ROZE_S3,6,ROZE,BECKY,DPS,Colosseo,Push,21,8,1,7903,248,649,00:11:47,707
260711_CR_ROZE_S3,6,ROZE,HEISER,TANK,Colosseo,Push,20,5,12,14724,3084,6410,00:11:47,707
260711_CR_ROZE_S3,6,ROZE,IRONY,SPT,Colosseo,Push,17,5,21,5892,16777,0,00:11:47,707
260711_CR_ROZE_S3,6,ROZE,OPENER,SPT,Colosseo,Push,16,9,15,3077,9969,0,00:11:47,707
260711_CR_ROZE_S3,6,ROZE,PROBE,DPS,Colosseo,Push,18,8,2,12950,156,856,00:11:47,707
260711_CR_ROZE_S3,6,CR,CH0R0NG,SPT,Colosseo,Push,21,8,14,7400,8032,0,00:11:47,707
260711_CR_ROZE_S3,6,CR,HEESANG,DPS,Colosseo,Push,25,9,1,11765,0,334,00:11:47,707
260711_CR_ROZE_S3,6,CR,JUNBIN,TANK,Colosseo,Push,20,5,13,12428,1888,8426,00:11:47,707
260711_CR_ROZE_S3,6,CR,LIP,DPS,Colosseo,Push,19,8,6,11296,449,109,00:11:47,707
260711_CR_ROZE_S3,6,CR,VIGILANTE,SPT,Colosseo,Push,15,6,22,6899,7792,0,00:11:47,707
260711_CR_ROZE_S4,6,ROZE,BECKY,DPS,Circuit Royal,Escort,9,12,4,11700,1614,11127,00:13:05,785
260711_CR_ROZE_S4,6,ROZE,HEISER,TANK,Circuit Royal,Escort,9,11,1,12472,0,32693,00:13:05,785
260711_CR_ROZE_S4,6,ROZE,IRONY,SPT,Circuit Royal,Escort,9,10,9,4434,19245,0,00:13:05,785
260711_CR_ROZE_S4,6,ROZE,KILO,DPS,Circuit Royal,Escort,14,11,0,9983,59,0,00:13:05,785
260711_CR_ROZE_S4,6,ROZE,OPENER,SPT,Circuit Royal,Escort,8,13,12,5919,14975,2566,00:13:05,785
260711_CR_ROZE_S4,6,CR,CH0R0NG,SPT,Circuit Royal,Escort,36,4,37,9702,16411,4276,00:13:05,785
260711_CR_ROZE_S4,6,CR,HEESANG,DPS,Circuit Royal,Escort,45,4,7,14443,1366,8265,00:13:05,785
260711_CR_ROZE_S4,6,CR,LIP,DPS,Circuit Royal,Escort,37,4,0,13698,0,0,00:13:05,785
260711_CR_ROZE_S4,6,CR,MAX,TANK,Circuit Royal,Escort,37,4,5,17580,0,27632,00:13:05,785
260711_CR_ROZE_S4,6,CR,VIGILANTE,SPT,Circuit Royal,Escort,27,1,37,4858,16002,0,00:13:05,785
260711_CR_ROZE_S5,6,CR,CH0R0NG,SPT,Neon Junction,Hybrid,28,3,25,6345,6392,873,00:09:09,549
260711_CR_ROZE_S5,6,CR,HEESANG,DPS,Neon Junction,Hybrid,28,4,9,9720,733,5155,00:09:09,549
260711_CR_ROZE_S5,6,CR,LIP,DPS,Neon Junction,Hybrid,26,4,3,9609,98,266,00:09:09,549
260711_CR_ROZE_S5,6,CR,MAX,TANK,Neon Junction,Hybrid,32,3,21,9064,1586,13685,00:09:09,549
260711_CR_ROZE_S5,6,CR,VIGILANTE,SPT,Neon Junction,Hybrid,20,3,30,4815,10896,0,00:09:09,549
260711_CR_ROZE_S5,6,ROZE,BECKY,DPS,Neon Junction,Hybrid,14,8,1,9213,1405,2907,00:09:09,549
260711_CR_ROZE_S5,6,ROZE,HEISER,TANK,Neon Junction,Hybrid,9,10,4,6273,1502,10373,00:09:09,549
260711_CR_ROZE_S5,6,ROZE,IRONY,SPT,Neon Junction,Hybrid,7,8,9,3629,9374,0,00:09:09,549
260711_CR_ROZE_S5,6,ROZE,KILO,DPS,Neon Junction,Hybrid,13,10,1,7762,505,1173,00:09:09,549
260711_CR_ROZE_S5,6,ROZE,OPENER,SPT,Neon Junction,Hybrid,8,10,7,2770,6577,811,00:09:09,549
260711_T1_ZETA_S1,6,T1,BLISS,SPT,Antarctic Peninsula,Control,12,6,19,3600,6999,1340,00:09:53,593
260711_T1_ZETA_S1,6,T1,DONGHAK,TANK,Antarctic Peninsula,Control,26,5,17,12912,2736,5804,00:09:53,593
260711_T1_ZETA_S1,6,T1,PROUD,DPS,Antarctic Peninsula,Control,26,6,0,9642,0,9,00:09:53,593
260711_T1_ZETA_S1,6,T1,SKEWED,SPT,Antarctic Peninsula,Control,11,6,25,4258,12441,0,00:09:53,593
260711_T1_ZETA_S1,6,T1,ZEST,DPS,Antarctic Peninsula,Control,20,9,5,6483,330,415,00:09:53,593
260711_T1_ZETA_S1,6,ZETA,BERNAR,TANK,Antarctic Peninsula,Control,20,7,9,11859,1040,8645,00:09:53,593
260711_T1_ZETA_S1,6,ZETA,KNIFE,DPS,Antarctic Peninsula,Control,22,7,0,9190,0,0,00:09:53,593
260711_T1_ZETA_S1,6,ZETA,PROPER,DPS,Antarctic Peninsula,Control,19,5,0,7054,416,0,00:09:53,593
260711_T1_ZETA_S1,6,ZETA,SHU,SPT,Antarctic Peninsula,Control,11,5,23,4189,12027,0,00:09:53,593
260711_T1_ZETA_S1,6,ZETA,VIOL2T,SPT,Antarctic Peninsula,Control,15,6,15,6930,9667,2757,00:09:53,593
260711_T1_ZETA_S2,6,T1,BLISS,SPT,Aatlis,Flashpoint,21,13,35,5479,9365,3144,00:13:51,831
260711_T1_ZETA_S2,6,T1,DONGHAK,TANK,Aatlis,Flashpoint,34,9,21,16600,2024,9911,00:13:51,831
260711_T1_ZETA_S2,6,T1,PROUD,DPS,Aatlis,Flashpoint,37,11,8,15683,260,581,00:13:51,831
260711_T1_ZETA_S2,6,T1,SKEWED,SPT,Aatlis,Flashpoint,15,10,37,6975,16883,0,00:13:51,831
260711_T1_ZETA_S2,6,T1,ZEST,DPS,Aatlis,Flashpoint,36,9,2,14886,1954,1761,00:13:51,831
260711_T1_ZETA_S2,6,ZETA,BERNAR,TANK,Aatlis,Flashpoint,33,9,22,15786,3136,12373,00:13:51,831
260711_T1_ZETA_S2,6,ZETA,KNIFE,DPS,Aatlis,Flashpoint,29,12,2,14721,87,571,00:13:51,831
260711_T1_ZETA_S2,6,ZETA,PROPER,DPS,Aatlis,Flashpoint,31,11,2,12909,1339,3687,00:13:51,831
260711_T1_ZETA_S2,6,ZETA,SHU,SPT,Aatlis,Flashpoint,17,10,34,6732,17532,0,00:13:51,831
260711_T1_ZETA_S2,6,ZETA,VIOL2T,SPT,Aatlis,Flashpoint,34,9,27,8040,13083,0,00:13:51,831
260711_T1_ZETA_S3,6,ZETA,BERNAR,TANK,Circuit Royal,Escort,41,3,20,15851,2777,6392,00:10:15,615
260711_T1_ZETA_S3,6,ZETA,KNIFE,DPS,Circuit Royal,Escort,37,5,0,14713,0,169,00:10:15,615
260711_T1_ZETA_S3,6,ZETA,PROPER,DPS,Circuit Royal,Escort,36,6,0,12845,1965,0,00:10:15,615
260711_T1_ZETA_S3,6,ZETA,SHU,SPT,Circuit Royal,Escort,19,4,40,5160,14624,0,00:10:15,615
260711_T1_ZETA_S3,6,ZETA,VIOL2T,SPT,Circuit Royal,Escort,27,7,27,4710,10375,0,00:10:15,615
260711_T1_ZETA_S3,6,T1,BLISS,SPT,Circuit Royal,Escort,19,8,12,4104,11353,0,00:10:15,615
260711_T1_ZETA_S3,6,T1,JASM1NE,TANK,Circuit Royal,Escort,12,12,13,14028,3161,7061,00:10:15,615
260711_T1_ZETA_S3,6,T1,PROUD,DPS,Circuit Royal,Escort,13,12,0,11948,0,0,00:10:15,615
260711_T1_ZETA_S3,6,T1,SKEWED,SPT,Circuit Royal,Escort,6,11,17,4192,11814,0,00:10:15,615
260711_T1_ZETA_S3,6,T1,ZEST,DPS,Circuit Royal,Escort,20,12,0,10881,1710,0,00:10:15,615
260711_T1_ZETA_S4,6,T1,BLISS,SPT,Colosseo,Push,22,7,17,4585,8137,0,00:10:27,627
260711_T1_ZETA_S4,6,T1,DONGHAK,TANK,Colosseo,Push,24,10,22,15881,3732,7821,00:10:27,627
260711_T1_ZETA_S4,6,T1,PROUD,DPS,Colosseo,Push,19,10,3,11248,0,680,00:10:27,627
260711_T1_ZETA_S4,6,T1,SKEWED,SPT,Colosseo,Push,16,9,23,4093,11226,0,00:10:27,627
260711_T1_ZETA_S4,6,T1,ZEST,DPS,Colosseo,Push,23,10,0,9904,1645,0,00:10:27,627
260711_T1_ZETA_S4,6,ZETA,BERNAR,TANK,Colosseo,Push,27,8,23,14329,3823,8748,00:10:27,627
260711_T1_ZETA_S4,6,ZETA,KNIFE,DPS,Colosseo,Push,33,7,3,11950,0,219,00:10:27,627
260711_T1_ZETA_S4,6,ZETA,PROPER,DPS,Colosseo,Push,32,7,0,11959,1535,0,00:10:27,627
260711_T1_ZETA_S4,6,ZETA,SHU,SPT,Colosseo,Push,15,9,27,4750,11369,0,00:10:27,627
260711_T1_ZETA_S4,6,ZETA,VIOL2T,SPT,Colosseo,Push,25,7,20,5091,8607,0,00:10:27,627
260711_T1_ZETA_S5,6,ZETA,BERNAR,TANK,Neon Junction,Hybrid,29,4,11,8431,1392,11741,00:10:22,622
260711_T1_ZETA_S5,6,ZETA,KNIFE,DPS,Neon Junction,Hybrid,22,5,3,8491,333,831,00:10:22,622
260711_T1_ZETA_S5,6,ZETA,PROPER,DPS,Neon Junction,Hybrid,23,6,1,5962,76,0,00:10:22,622
260711_T1_ZETA_S5,6,ZETA,SHU,SPT,Neon Junction,Hybrid,11,3,16,4047,6504,979,00:10:22,622
260711_T1_ZETA_S5,6,ZETA,VIOL2T,SPT,Neon Junction,Hybrid,8,6,6,5798,4845,0,00:10:22,622
260711_T1_ZETA_S5,6,T1,BLISS,SPT,Neon Junction,Hybrid,6,7,11,2014,5542,0,00:10:22,622
260711_T1_ZETA_S5,6,T1,DONGHAK,TANK,Neon Junction,Hybrid,12,8,6,6568,1220,10185,00:10:22,622
260711_T1_ZETA_S5,6,T1,PROUD,DPS,Neon Junction,Hybrid,13,9,0,7688,0,653,00:10:22,622
260711_T1_ZETA_S5,6,T1,SKEWED,SPT,Neon Junction,Hybrid,6,8,6,3366,7871,585,00:10:22,622
260711_T1_ZETA_S5,6,T1,ZEST,DPS,Neon Junction,Hybrid,9,6,0,5702,709,837,00:10:22,622
260712_ROZE_T1_S1,6,T1,BLISS,SPT,Ilios,Control,20,3,8,4086,4975,0,00:09:01,541
260712_ROZE_T1_S1,6,T1,DONGHAK,TANK,Ilios,Control,21,1,5,7921,1987,6200,00:09:01,541
260712_ROZE_T1_S1,6,T1,PROUD,DPS,Ilios,Control,21,4,0,8762,0,504,00:09:01,541
260712_ROZE_T1_S1,6,T1,SKEWED,SPT,Ilios,Control,11,4,23,3898,7536,0,00:09:01,541
260712_ROZE_T1_S1,6,T1,ZEST,DPS,Ilios,Control,21,3,0,8619,82,0,00:09:01,541
260712_ROZE_T1_S1,6,ROZE,BECKY,DPS,Ilios,Control,6,7,0,6190,105,0,00:09:01,541
260712_ROZE_T1_S1,6,ROZE,HEISER,TANK,Ilios,Control,12,5,4,5926,1529,5348,00:09:01,541
260712_ROZE_T1_S1,6,ROZE,IRONY,SPT,Ilios,Control,2,8,5,3623,4580,0,00:09:01,541
260712_ROZE_T1_S1,6,ROZE,OPENER,SPT,Ilios,Control,7,6,2,4351,5816,0,00:09:01,541
260712_ROZE_T1_S1,6,ROZE,PROBE,DPS,Ilios,Control,12,8,1,10207,56,269,00:09:01,541
260712_ROZE_T1_S2,6,T1,BLISS,SPT,Circuit Royal,Escort,29,7,36,3719,14542,0,00:13:48,828
260712_ROZE_T1_S2,6,T1,JASM1NE,TANK,Circuit Royal,Escort,32,8,2,13611,1169,17213,00:13:48,828
260712_ROZE_T1_S2,6,T1,PROUD,DPS,Circuit Royal,Escort,29,11,1,12144,0,0,00:13:48,828
260712_ROZE_T1_S2,6,T1,SKEWED,SPT,Circuit Royal,Escort,29,6,25,8822,9579,426,00:13:48,828
260712_ROZE_T1_S2,6,T1,ZEST,DPS,Circuit Royal,Escort,37,7,1,15772,1671,0,00:13:48,828
260712_ROZE_T1_S2,6,ROZE,BECKY,DPS,Circuit Royal,Escort,17,11,0,9903,1653,0,00:13:48,828
260712_ROZE_T1_S2,6,ROZE,HEISER,TANK,Circuit Royal,Escort,16,14,11,11162,2609,12083,00:13:48,828
260712_ROZE_T1_S2,6,ROZE,IRONY,SPT,Circuit Royal,Escort,19,8,17,5661,10934,1234,00:13:48,828
260712_ROZE_T1_S2,6,ROZE,OPENER,SPT,Circuit Royal,Escort,20,10,11,5567,10532,0,00:13:48,828
260712_ROZE_T1_S2,6,ROZE,PROBE,DPS,Circuit Royal,Escort,22,11,0,14033,408,276,00:13:48,828
260712_ROZE_T1_S3,6,ROZE,BECKY,DPS,New Junk City,Flashpoint,8,9,1,6146,198,1065,00:07:11,431
260712_ROZE_T1_S3,6,ROZE,HEISER,TANK,New Junk City,Flashpoint,7,5,4,9257,2876,4851,00:07:11,431
260712_ROZE_T1_S3,6,ROZE,IRONY,SPT,New Junk City,Flashpoint,2,5,9,4204,8688,0,00:07:11,431
260712_ROZE_T1_S3,6,ROZE,OPENER,SPT,New Junk City,Flashpoint,5,7,5,3330,3555,1179,00:07:11,431
260712_ROZE_T1_S3,6,ROZE,PROBE,DPS,New Junk City,Flashpoint,4,7,0,6856,157,0,00:07:11,431
260712_ROZE_T1_S3,6,T1,BLISS,SPT,New Junk City,Flashpoint,16,2,16,3313,5522,1137,00:07:11,431
260712_ROZE_T1_S3,6,T1,DONGHAK,TANK,New Junk City,Flashpoint,22,2,10,11134,2853,5474,00:07:11,431
260712_ROZE_T1_S3,6,T1,PROUD,DPS,New Junk City,Flashpoint,18,4,0,7114,0,0,00:07:11,431
260712_ROZE_T1_S3,6,T1,SKEWED,SPT,New Junk City,Flashpoint,14,1,21,3448,10987,0,00:07:11,431
260712_ROZE_T1_S3,6,T1,ZEST,DPS,New Junk City,Flashpoint,21,1,3,8064,0,155,00:07:11,431
260712_ROZE_T1_S4,6,ROZE,BECKY,DPS,Colosseo,Push,26,6,2,9215,577,679,00:10:19,619
260712_ROZE_T1_S4,6,ROZE,HEISER,TANK,Colosseo,Push,25,6,22,16171,4156,7321,00:10:19,619
260712_ROZE_T1_S4,6,ROZE,IRONY,SPT,Colosseo,Push,18,8,24,5875,13726,0,00:10:19,619
260712_ROZE_T1_S4,6,ROZE,OPENER,SPT,Colosseo,Push,17,7,19,3568,8353,1903,00:10:19,619
260712_ROZE_T1_S4,6,ROZE,PROBE,DPS,Colosseo,Push,22,7,5,11877,75,721,00:10:19,619
260712_ROZE_T1_S4,6,T1,BLISS,SPT,Colosseo,Push,17,6,16,4230,6454,2496,00:10:19,619
260712_ROZE_T1_S4,6,T1,DONGHAK,TANK,Colosseo,Push,25,8,16,16787,3302,7889,00:10:19,619
260712_ROZE_T1_S4,6,T1,PROUD,DPS,Colosseo,Push,14,11,1,10170,334,377,00:10:19,619
260712_ROZE_T1_S4,6,T1,SKEWED,SPT,Colosseo,Push,11,5,19,7492,11689,0,00:10:19,619
260712_ROZE_T1_S4,6,T1,ZEST,DPS,Colosseo,Push,21,8,1,9225,80,461,00:10:19,619
260712_ROZE_T1_S5,6,ROZE,BECKY,DPS,Neon Junction,Hybrid,13,11,2,5978,482,1506,00:10:41,641
260712_ROZE_T1_S5,6,ROZE,HEISER,TANK,Neon Junction,Hybrid,8,13,1,7365,50,20689,00:10:41,641
260712_ROZE_T1_S5,6,ROZE,IRONY,SPT,Neon Junction,Hybrid,8,8,15,5006,13006,0,00:10:41,641
260712_ROZE_T1_S5,6,ROZE,OPENER,SPT,Neon Junction,Hybrid,8,11,8,4199,7128,4695,00:10:41,641
260712_ROZE_T1_S5,6,ROZE,PROBE,DPS,Neon Junction,Hybrid,11,11,1,9651,40,368,00:10:41,641
260712_ROZE_T1_S5,6,T1,BLISS,SPT,Neon Junction,Hybrid,26,4,33,5564,9622,1238,00:10:41,641
260712_ROZE_T1_S5,6,T1,JASM1NE,TANK,Neon Junction,Hybrid,35,3,2,11269,0,16473,00:10:41,641
260712_ROZE_T1_S5,6,T1,PROUD,DPS,Neon Junction,Hybrid,36,5,3,10833,0,0,00:10:41,641
260712_ROZE_T1_S5,6,T1,SKEWED,SPT,Neon Junction,Hybrid,22,4,35,5373,12408,0,00:10:41,641
260712_ROZE_T1_S5,6,T1,ZEST,DPS,Neon Junction,Hybrid,35,4,13,10537,422,912,00:10:41,641
260712_CR_ZETA_S1,6,CR,CH0R0NG,SPT,Antarctic Peninsula,Control,14,8,18,5788,12328,1960,00:12:03,723
260712_CR_ZETA_S1,6,CR,HEESANG,DPS,Antarctic Peninsula,Control,16,9,4,9519,662,2895,00:12:03,723
260712_CR_ZETA_S1,6,CR,MAX,TANK,Antarctic Peninsula,Control,20,6,2,12586,0,25765,00:12:03,723
260712_CR_ZETA_S1,6,CR,STALK3R,DPS,Antarctic Peninsula,Control,24,7,2,15829,0,648,00:12:03,723
260712_CR_ZETA_S1,6,CR,VIGILANTE,SPT,Antarctic Peninsula,Control,9,6,23,3676,18983,0,00:12:03,723
260712_CR_ZETA_S1,6,ZETA,BERNAR,TANK,Antarctic Peninsula,Control,21,5,5,11367,0,23400,00:12:03,723
260712_CR_ZETA_S1,6,ZETA,KNIFE,DPS,Antarctic Peninsula,Control,22,10,3,13132,0,205,00:12:03,723
260712_CR_ZETA_S1,6,ZETA,PROPER,DPS,Antarctic Peninsula,Control,21,8,3,12540,291,1529,00:12:03,723
260712_CR_ZETA_S1,6,ZETA,SHU,SPT,Antarctic Peninsula,Control,8,3,25,3241,19476,0,00:12:03,723
260712_CR_ZETA_S1,6,ZETA,VIOL2T,SPT,Antarctic Peninsula,Control,12,7,21,7996,12638,1888,00:12:03,723
260712_CR_ZETA_S2,6,CR,CH0R0NG,SPT,New Junk City,Flashpoint,37,9,35,8387,13760,4766,00:15:17,917
260712_CR_ZETA_S2,6,CR,HEESANG,DPS,New Junk City,Flashpoint,40,11,0,17828,2907,0,00:15:17,917
260712_CR_ZETA_S2,6,CR,MAX,TANK,New Junk City,Flashpoint,43,8,31,22889,4983,9357,00:15:17,917
260712_CR_ZETA_S2,6,CR,STALK3R,DPS,New Junk City,Flashpoint,40,14,4,14190,624,1443,00:15:17,917
260712_CR_ZETA_S2,6,CR,VIGILANTE,SPT,New Junk City,Flashpoint,28,12,47,9151,17867,0,00:15:17,917
260712_CR_ZETA_S2,6,ZETA,BERNAR,TANK,New Junk City,Flashpoint,33,12,18,18320,4379,10419,00:15:17,917
260712_CR_ZETA_S2,6,ZETA,KNIFE,DPS,New Junk City,Flashpoint,30,15,1,18398,376,606,00:15:17,917
260712_CR_ZETA_S2,6,ZETA,PROPER,DPS,New Junk City,Flashpoint,34,12,3,17641,1724,262,00:15:17,917
260712_CR_ZETA_S2,6,ZETA,SHU,SPT,New Junk City,Flashpoint,19,13,37,9134,19247,0,00:15:17,917
260712_CR_ZETA_S2,6,ZETA,VIOL2T,SPT,New Junk City,Flashpoint,26,9,33,9803,13685,4052,00:15:17,917
260712_CR_ZETA_S3,6,ZETA,BERNAR,TANK,King's Row,Hybrid,29,3,7,10420,270,16716,00:11:01,661
260712_CR_ZETA_S3,6,ZETA,KNIFE,DPS,King's Row,Hybrid,34,6,0,11709,563,0,00:11:01,661
260712_CR_ZETA_S3,6,ZETA,PROPER,DPS,King's Row,Hybrid,23,4,6,9241,496,3160,00:11:01,661
260712_CR_ZETA_S3,6,ZETA,SHU,SPT,King's Row,Hybrid,9,7,13,3209,4574,434,00:11:01,661
260712_CR_ZETA_S3,6,ZETA,VIOL2T,SPT,King's Row,Hybrid,26,4,13,4464,7874,0,00:11:01,661
260712_CR_ZETA_S3,6,CR,CH0R0NG,SPT,King's Row,Hybrid,15,9,15,3351,6949,811,00:11:01,661
260712_CR_ZETA_S3,6,CR,HEESANG,DPS,King's Row,Hybrid,12,10,2,5739,289,3114,00:11:01,661
260712_CR_ZETA_S3,6,CR,MAX,TANK,King's Row,Hybrid,16,8,8,6732,1269,14910,00:11:01,661
260712_CR_ZETA_S3,6,CR,STALK3R,DPS,King's Row,Hybrid,8,10,0,8299,0,186,00:11:01,661
260712_CR_ZETA_S3,6,CR,VIGILANTE,SPT,King's Row,Hybrid,6,10,11,3140,9736,546,00:11:01,661
260712_CR_ZETA_S4,6,ZETA,BERNAR,TANK,Circuit Royal,Escort,34,10,8,17576,0,28174,00:16:25,985
260712_CR_ZETA_S4,6,ZETA,KNIFE,DPS,Circuit Royal,Escort,35,9,0,16953,0,0,00:16:25,985
260712_CR_ZETA_S4,6,ZETA,PROPER,DPS,Circuit Royal,Escort,41,11,13,15667,882,2651,00:16:25,985
260712_CR_ZETA_S4,6,ZETA,SHU,SPT,Circuit Royal,Escort,18,11,32,5643,19596,252,00:16:25,985
260712_CR_ZETA_S4,6,ZETA,VIOL2T,SPT,Circuit Royal,Escort,22,12,31,9111,17047,2441,00:16:25,985
260712_CR_ZETA_S4,6,CR,CH0R0NG,SPT,Circuit Royal,Escort,29,14,38,7933,15905,3413,00:16:25,985
260712_CR_ZETA_S4,6,CR,HEESANG,DPS,Circuit Royal,Escort,32,10,12,14489,2167,9094,00:16:25,985
260712_CR_ZETA_S4,6,CR,MAX,TANK,Circuit Royal,Escort,29,9,9,15458,474,38778,00:16:25,985
260712_CR_ZETA_S4,6,CR,STALK3R,DPS,Circuit Royal,Escort,36,12,0,16648,0,0,00:16:25,985
260712_CR_ZETA_S4,6,CR,VIGILANTE,SPT,Circuit Royal,Escort,25,7,36,5495,22492,0,00:16:25,985
260712_CR_ZETA_S5,6,CR,CH0R0NG,SPT,Colosseo,Push,18,10,18,4469,6571,1240,00:10:08,608
260712_CR_ZETA_S5,6,CR,HEESANG,DPS,Colosseo,Push,22,9,5,6753,79,2232,00:10:08,608
260712_CR_ZETA_S5,6,CR,MAX,TANK,Colosseo,Push,24,7,14,10646,1097,18389,00:10:08,608
260712_CR_ZETA_S5,6,CR,STALK3R,DPS,Colosseo,Push,17,10,0,9060,0,0,00:10:08,608
260712_CR_ZETA_S5,6,CR,VIGILANTE,SPT,Colosseo,Push,11,9,18,5552,10633,0,00:10:08,608
260712_CR_ZETA_S5,6,ZETA,BERNAR,TANK,Colosseo,Push,31,6,17,10116,1436,7567,00:10:08,608
260712_CR_ZETA_S5,6,ZETA,KNIFE,DPS,Colosseo,Push,26,6,0,10158,0,0,00:10:08,608
260712_CR_ZETA_S5,6,ZETA,PROPER,DPS,Colosseo,Push,27,4,1,8729,29,0,00:10:08,608
260712_CR_ZETA_S5,6,ZETA,SHU,SPT,Colosseo,Push,10,7,25,2472,11126,0,00:10:08,608
260712_CR_ZETA_S5,6,ZETA,VIOL2T,SPT,Colosseo,Push,25,6,17,5462,8169,0,00:10:08,608
260712_CR_ZETA_S6,6,ZETA,BERNAR,TANK,Neon Junction,Hybrid,36,14,12,18368,863,29765,00:20:57,1257
260712_CR_ZETA_S6,6,ZETA,KNIFE,DPS,Neon Junction,Hybrid,39,17,2,19735,590,625,00:20:57,1257
260712_CR_ZETA_S6,6,ZETA,PROPER,DPS,Neon Junction,Hybrid,53,13,12,21366,1066,5548,00:20:57,1257
260712_CR_ZETA_S6,6,ZETA,SHU,SPT,Neon Junction,Hybrid,24,14,36,7281,17001,763,00:20:57,1257
260712_CR_ZETA_S6,6,ZETA,VIOL2T,SPT,Neon Junction,Hybrid,42,15,41,15970,18739,2763,00:20:57,1257
260712_CR_ZETA_S6,6,CR,CH0R0NG,SPT,Neon Junction,Hybrid,33,13,47,10513,19812,3820,00:20:57,1257
260712_CR_ZETA_S6,6,CR,HEESANG,DPS,Neon Junction,Hybrid,41,19,10,15970,1645,10700,00:20:57,1257
260712_CR_ZETA_S6,6,CR,MAX,TANK,Neon Junction,Hybrid,50,10,12,24010,699,43310,00:20:57,1257
260712_CR_ZETA_S6,6,CR,STALK3R,DPS,Neon Junction,Hybrid,46,17,5,17502,0,772,00:20:57,1257
260712_CR_ZETA_S6,6,CR,VIGILANTE,SPT,Neon Junction,Hybrid,25,12,53,6492,27804,0,00:20:57,1257
